gender,name.title,name.first,name.last,location.street.number,location.street.name,location.city,location.state,location.country,location.postcode,location.coordinates.latitude,location.coordinates.longitude,location.timezone.offset,location.timezone.description,email,login.uuid,login.username,login.password,login.salt,login.md5,login.sha1,login.sha256,dob.date,dob.age,registered.date,registered.age,phone,cell,id.name,id.value,picture.large,picture.medium,picture.thumbnail,nat
male,Mr,Alexander,Johansen,5952,Højagervej,Oure,Nordjylland,Denmark,28522,-32.1906,-48.2829,-8:00,Pacific Time (US & Canada),alexander.johansen@example.com,04295993-146a-43db-8d34-2fc738e5ad82,bluefrog246,steven1,gqxOm1QG,21483e5f6f5179d5b600f13236666611,d5419c4aeadae69dcc7fb6b97912273ae941c27e,55725e0e77e48999df03de5696f7bb02790c65d8f247306d4cdc91e49f24fc24,1997-05-31T14:47:18.752Z,24,2015-08-10T15:02:02.760Z,6,25936851,61484531,CPR,310597-9129,https://randomuser.me/api/portraits/men/47.jpg,https://randomuser.me/api/portraits/med/men/47.jpg,https://randomuser.me/api/portraits/thumb/men/47.jpg,DK
female,Miss,Silke,Johansen,5989,Teglgårdsvej,Kongsvinger,Danmark,Denmark,90157,30.2158,-131.2355,-11:00,"Midway Island, Samoa",silke.johansen@example.com,7d7852f2-3f5b-4e45-89d6-2ecd775a14e1,biggoose797,toejam,V2BCuOgs,5c492ed2edca46f188502fbf8bc9c85e,d031ebeafc9f0eacd5f8bec3979216f3ea5c339d,819e846e7a8cbaf70682723140b1fbcceb1ff2c67136814f29e52e55e18b35b4,1996-04-28T21:33:52.318Z,25,2013-12-10T23:42:12.254Z,8,91416169,15804274,CPR,280496-0634,https://randomuser.me/api/portraits/women/66.jpg,https://randomuser.me/api/portraits/med/women/66.jpg,https://randomuser.me/api/portraits/thumb/women/66.jpg,DK
female,Mrs,Olivia,Black,2535,E Sandy Lake Rd,Baton Rouge,Arkansas,United States,29546,-25.5045,98.8231,+11:00,"Magadan, Solomon Islands, New Caledonia",olivia.black@example.com,faaf2729-2af2-48d0-b4c6-0a57f9b16f43,yellowgoose844,panama,faItPtkt,8525bd49f6c416ac311ecd4bfd183f83,0a0fcbe5a3871b43e5eb70c69d362e63dd4502a2,27c98f51dced9326cfe76a156c49bdb67c6475f55e5ffc049dd6b23ee066c03c,1955-07-29T19:46:03.096Z,66,2014-11-18T13:29:54.457Z,7,(421)-781-9993,(230)-032-4357,SSN,897-08-6170,https://randomuser.me/api/portraits/women/1.jpg,https://randomuser.me/api/portraits/med/women/1.jpg,https://randomuser.me/api/portraits/thumb/women/1.jpg,US
male,Mr,Tomas,Ruf,8462,Poststraße,Büdingen,Brandenburg,Germany,32441,-76.8522,-152.0636,+5:00,"Ekaterinburg, Islamabad, Karachi, Tashkent",tomas.ruf@example.com,31085a52-4af5-4d3b-8732-cd2ffe545015,biggorilla503,masturbation,E57qqIhB,bf048038380671bab32cf5ac41bf2727,908ee762877875a140ba7b73422839f7b7b9930c,e289fae6fcd2b7f34000b831e9556f42955430144a539589ded313f048b1b752,1952-10-22T04:30:58.659Z,69,2016-07-13T09:56:06.145Z,5,0711-3372329,0175-4245705,,null,https://randomuser.me/api/portraits/men/70.jpg,https://randomuser.me/api/portraits/med/men/70.jpg,https://randomuser.me/api/portraits/thumb/men/70.jpg,DE
female,Mrs,Ilse,Brink,2497,Bunche-Erf,Waaksens gem Litt,Zeeland,Netherlands,21017,-50.2883,-18.2483,-8:00,Pacific Time (US & Canada),ilse.brink@example.com,68cdec1e-a2b1-442e-badc-2337ef448179,biggorilla844,joemama,aDuLLGfW,c9c5e0017a9a6b0edc1805d32f5f5cb3,419da40b88bd9676bdc450543b059ad72aa422ae,72604c8f52dc87be0f825827f4af37a4c377090646baff0cd238f2aa489fc4ea,1969-07-28T05:18:51.273Z,52,2011-06-13T08:10:19.072Z,10,(336)-268-9580,(543)-827-2684,BSN,87157269,https://randomuser.me/api/portraits/women/49.jpg,https://randomuser.me/api/portraits/med/women/49.jpg,https://randomuser.me/api/portraits/thumb/women/49.jpg,NL
female,Miss,Iina,Wirtanen,8756,Myllypuronkatu,Ypäjä,Kainuu,Finland,50113,-73.9297,-32.7240,-8:00,Pacific Time (US & Canada),iina.wirtanen@example.com,72dbb224-5c36-44e8-a368-c09cd616233e,bigrabbit306,fang,XGTfkn9D,ee83b36b8cc24e0bed21d48abe4f3491,75cedd25c756b75e99aca39178f44457d99de3dd,dc9fff2695d737077e8bbb1155ca7737853d3a241f4bb46b4fa72f4891e83ac4,1946-10-27T15:03:19.532Z,75,2014-04-30T21:34:43.938Z,7,09-080-187,049-442-44-10,HETU,NaNNA952undefined,https://randomuser.me/api/portraits/women/57.jpg,https://randomuser.me/api/portraits/med/women/57.jpg,https://randomuser.me/api/portraits/thumb/women/57.jpg,FI
female,Ms,Becky,Williams,3480,Dublin Road,Leixlip,Kilkenny,Ireland,55723,70.7404,-135.9314,+1:00,"Brussels, Copenhagen, Madrid, Paris",becky.williams@example.com,0759981c-716d-4788-86a4-bef9d1865c4b,organicfish328,small,tmrYOsH9,0c04551b12921905c192964828b6b2a0,16d30951454719a82fa67cec5acd2fdd5eeff1a9,cf5226b867b56e823cdd39cbe2f484ed63f157a71b7cb8e5cbc72c21713aac05,1996-01-10T08:00:34.167Z,25,2009-12-28T23:35:17.777Z,12,041-614-9503,081-905-8574,PPS,2231240T,https://randomuser.me/api/portraits/women/38.jpg,https://randomuser.me/api/portraits/med/women/38.jpg,https://randomuser.me/api/portraits/thumb/women/38.jpg,IE
male,Mr,Benjamin,Turner,4241,Kennedy Road,Blenheim,Gisborne,New Zealand,86729,-43.4836,55.7270,+9:00,"Tokyo, Seoul, Osaka, Sapporo, Yakutsk",benjamin.turner@example.com,d7dc29c3-af6c-45f4-ae7f-27c8b123f751,yellowkoala634,volkswag,8WBTyby4,e70435bb63d1adff478be38cbd0a114f,9b9fa12e56c651292916396a85b8459b846d6204,9ba0f9cd17ae16e60b8834e181678fcf7f8bc9b9366507ff3f26d0373ebe11c8,1950-06-20T23:44:19.522Z,71,2011-07-16T11:27:18.938Z,10,(171)-155-2986,(114)-503-7303,,null,https://randomuser.me/api/portraits/men/53.jpg,https://randomuser.me/api/portraits/med/men/53.jpg,https://randomuser.me/api/portraits/thumb/men/53.jpg,NZ
male,Mr,Elias,Sørgård,718,Vestbyveien,Sveio,Telemark,Norway,4420,50.8856,-97.4776,-3:30,Newfoundland,elias.sorgard@example.com,0b9e0d02-ece6-4747-b20f-85aa2fd75286,tinymeercat891,callaway,AXFS1iTr,881418cf580af3dbfb49d4042fd5cde3,01c0ab2dbeebe3360b7c4ed621c59332c1000c98,288d9aa45824a5dca45315b84124cc2b3cd70ddbe4f288c167dfc93e3ff59adf,1974-04-06T16:25:47.971Z,47,2013-01-25T19:19:04.479Z,8,61531913,93576898,FN,06047412968,https://randomuser.me/api/portraits/men/38.jpg,https://randomuser.me/api/portraits/med/men/38.jpg,https://randomuser.me/api/portraits/thumb/men/38.jpg,NO
male,Mr,Brandon,Black,7142,Richmond Park,Sligo,South Dublin,Ireland,91694,1.4465,-66.7562,-10:00,Hawaii,brandon.black@example.com,34da48fd-944f-4766-a26f-805e08d8b744,browngoose261,morning,SoWaHjk3,b4f8e73c3d635113503fb3cdd22195b1,da2c83517af7e04683aad1072f0ae5c61f846e95,6a4e31366a3549856a0c410866e1b707560ffd59b796a913924aa115b28cde4e,1971-11-26T01:02:12.855Z,50,2004-03-08T12:39:51.882Z,17,061-368-6094,081-371-5710,PPS,4459633T,https://randomuser.me/api/portraits/men/15.jpg,https://randomuser.me/api/portraits/med/men/15.jpg,https://randomuser.me/api/portraits/thumb/men/15.jpg,IE
female,Ms,Isla,Niskanen,4969,Fredrikinkatu,Ylivieska,South Karelia,Finland,54466,-35.1192,-127.8536,-12:00,"Eniwetok, Kwajalein",isla.niskanen@example.com,360e42ce-6613-4dfc-bb60-6eff791882c2,heavygoose861,tyler1,FGaBFnvX,2c64b02b01b55d3d7e9788a68a4dbb48,949a0fdcc501389e101c1058b9ddbaa7493d3373,84b06a4920dcb41e7b06b922f4207873b3d3c374516b69f931bfe60f13d475e9,1970-03-27T20:26:19.555Z,51,2013-11-15T12:34:32.712Z,8,09-853-307,044-296-51-94,HETU,NaNNA806undefined,https://randomuser.me/api/portraits/women/27.jpg,https://randomuser.me/api/portraits/med/women/27.jpg,https://randomuser.me/api/portraits/thumb/women/27.jpg,FI
male,Mr,سام,کریمی,6084,میدان امام خمینی,ملارد,مازندران,Iran,83098,-62.5229,20.7909,-3:00,"Brazil, Buenos Aires, Georgetown",sm.khrymy@example.com,93fda216-805c-4404-863d-51ecca6c8bd2,smallwolf692,bigjim,MPtwAbEv,336143e50fec3aa7066c7168f47e0f79,3b2b4d68115316af22fee843437e438bbb3af991,cca2328d4ee74e4e7f0bc30b89b56628c031e7bbcdd9b456b0e28776d808b5d1,1980-08-06T13:43:05.502Z,41,2016-09-03T22:48:11.841Z,5,078-85535681,0933-354-6156,,null,https://randomuser.me/api/portraits/men/49.jpg,https://randomuser.me/api/portraits/med/men/49.jpg,https://randomuser.me/api/portraits/thumb/men/49.jpg,IR
male,Mr,دانیال,قاسمی,395,پارک ارم,قرچک,همدان,Iran,56673,42.7407,-76.6469,+3:00,"Baghdad, Riyadh, Moscow, St. Petersburg",dnyl.qsmy@example.com,3e9e8968-3962-4f36-969c-adfdb793111b,brownmouse189,wearing,ISUWMf5G,9dbaf5ed5f88d15572e9e7ccd95d896e,087879bef07f86fe69408d98bfb0cce050693a76,3fceb555815288bcae0393143e8e821206b4c6dd09cf1cb7b8f6c891c2c886e7,1971-04-15T03:35:40.654Z,50,2004-01-31T16:34:55.740Z,17,071-52846603,0959-119-6446,,null,https://randomuser.me/api/portraits/men/60.jpg,https://randomuser.me/api/portraits/med/men/60.jpg,https://randomuser.me/api/portraits/thumb/men/60.jpg,IR
male,Mr,Matthew,Singh,405,Opoho Road,Palmerston North,Tasman,New Zealand,93112,31.3405,127.6603,-3:30,Newfoundland,matthew.singh@example.com,deb3c082-2e93-4528-92d5-9da0e65b29c3,bigtiger448,track,0RajwMkM,a12ea7f7285e657b045f11b995508b5a,dbe46837179c5cc5ff0d7d91dcc36a86fffacb5b,fae1f67294d6aa066e28a867fcddccb371a192a6b6ee278c13cce5f0e4c43d43,1970-03-31T22:05:51.197Z,51,2006-02-11T08:41:50.323Z,15,(933)-200-9692,(107)-742-4516,,null,https://randomuser.me/api/portraits/men/21.jpg,https://randomuser.me/api/portraits/med/men/21.jpg,https://randomuser.me/api/portraits/thumb/men/21.jpg,NZ
male,Mr,Johan,Jørgensen,1086,Toften,Hirtsals,Hovedstaden,Denmark,22648,-88.1011,-0.2127,-4:00,"Atlantic Time (Canada), Caracas, La Paz",johan.jorgensen@example.com,68fa5579-6ae0-471f-b788-06835ce76d7a,orangecat266,scxakv,CWFP6S3e,0602570ec5e0b9025c979c4274eeda28,233be10f36f863b027555bda006d28be4a85b25c,7e38f3ee248459cd768528647164d1295d313540772192a3f5828105b89ca5f1,1991-04-26T10:29:42.847Z,30,2014-05-29T13:57:16.626Z,7,05354486,80238881,CPR,260491-9190,https://randomuser.me/api/portraits/men/61.jpg,https://randomuser.me/api/portraits/med/men/61.jpg,https://randomuser.me/api/portraits/thumb/men/61.jpg,DK
male,Mr,William,Larsen,9476,Hyldevej,Rønnede,Nordjylland,Denmark,30411,-38.5089,141.1910,+4:30,Kabul,william.larsen@example.com,d8560b64-f981-4f6d-8ca2-7d59acacaa45,angrybutterfly455,hannah1,zACxfDLx,7a468e1ee8b27e73aaf4822bc9ecfe92,bdaf73c7d0827560be9dc0b814795e1564f97eb2,1b1295f2217746a5935b1b87cbb743933dcfbb9d2cb7fb2fbb349c21ddf254a4,1965-01-12T12:02:28.276Z,56,2006-09-04T01:27:10.258Z,15,56297185,04738960,CPR,120165-8034,https://randomuser.me/api/portraits/men/34.jpg,https://randomuser.me/api/portraits/med/men/34.jpg,https://randomuser.me/api/portraits/thumb/men/34.jpg,DK
male,Mr,Gerhard,Franken,8007,Am Sportplatz,Rostock,Bremen,Germany,72913,-13.7088,-172.9053,-1:00,"Azores, Cape Verde Islands",gerhard.franken@example.com,752dfaad-7bed-4886-9ad2-55586a28aa15,happyrabbit526,sapper,vr8aHUMr,afbbf70f1008e6c1d47d6fe222ba66f7,3c67f6cb8acf53ba88b1b18ef007d9d235ad4593,cf44a3b67dea8a8c37055d1f8edafcdf8480bf54d13a378cc268f47f61cf2f9c,1974-07-25T20:46:02.073Z,47,2018-10-05T23:59:11.224Z,3,0752-8914426,0172-3358008,,null,https://randomuser.me/api/portraits/men/41.jpg,https://randomuser.me/api/portraits/med/men/41.jpg,https://randomuser.me/api/portraits/thumb/men/41.jpg,DE
female,Madame,Käthi,Chevalier,6662,Place de L'Abbé-Georges-Hénocque,Hefenhofen,Glarus,Switzerland,7470,-2.4922,17.8158,-3:00,"Brazil, Buenos Aires, Georgetown",kathi.chevalier@example.com,0eab88bb-c91e-48f4-9171-9c293e6aa058,silvertiger418,wrestling,Z8Njx1vD,67d9948f3778fefb98dfcdef751d0781,b4fb2ed91b923a5b867b800da742fc1011c93829,aa9905509156f3034b266c0a3fc4a55781ce526f1ec29320dee7bfed67869478,1988-10-20T13:41:11.582Z,33,2005-07-19T16:53:38.241Z,16,076 906 46 44,076 761 70 58,AVS,756.3131.7433.21,https://randomuser.me/api/portraits/women/35.jpg,https://randomuser.me/api/portraits/med/women/35.jpg,https://randomuser.me/api/portraits/thumb/women/35.jpg,CH
male,Mr,Xavier,Morris,5028,Clark Avenue,Dunedin,Marlborough,New Zealand,25455,82.8788,-122.3650,+2:00,"Kaliningrad, South Africa",xavier.morris@example.com,3fa77bd4-ba50-499c-afb0-2592ae1e6733,heavyswan891,swingers,GezF7map,98592a2364598365ddb823640de451a6,ae9b77d9589aff728bc73c15223c5093074cfcd5,677da4af391ccebc0cb342f77a248a63cb801491dbbabba245322adad9ab7831,1963-11-11T05:29:17.140Z,58,2018-01-15T18:02:09.859Z,3,(134)-580-6034,(620)-914-5926,,null,https://randomuser.me/api/portraits/men/52.jpg,https://randomuser.me/api/portraits/med/men/52.jpg,https://randomuser.me/api/portraits/thumb/men/52.jpg,NZ
female,Miss,Ece,Elmastaşoğlu,6546,Tunalı Hilmi Cd,Kocaeli,Kahramanmaraş,Turkey,23675,75.6194,-47.7502,+5:00,"Ekaterinburg, Islamabad, Karachi, Tashkent",ece.elmastasoglu@example.com,6300fbf4-10bc-4636-92a4-16541d4427c8,biggoose387,typhoon,Mg8qvn39,204edf8e2b0a0d603c6cfc8d3f3c6158,b29fb06df6510727b24717af555a6e86a51d9a26,ae79190a95419d72f70402de0aeffd9efe52f8596927cbcea1ddff1cea4db8aa,1954-02-26T01:25:12.966Z,67,2009-10-11T22:33:17.031Z,12,(238)-847-4934,(690)-210-3023,,null,https://randomuser.me/api/portraits/women/31.jpg,https://randomuser.me/api/portraits/med/women/31.jpg,https://randomuser.me/api/portraits/thumb/women/31.jpg,TR
female,Ms,Kaya,Nylund,2636,Elgtråkket,Byrknes,Description,Norway,0451,29.7269,156.1743,-5:00,"Eastern Time (US & Canada), Bogota, Lima",kaya.nylund@example.com,be1c822d-b909-4586-bcad-045eed2f2e05,bluelion688,arctic,OHO04dct,b56717fe6e67438db0779c6172a63efb,06cde99fff4b52900abceadd2068ff342a6323c5,33fe2ac7cdcfba847039a201c961d3b3d127082734d406bd2006ec298b6ec97a,1985-12-03T10:01:07.233Z,36,2011-07-11T10:41:21.967Z,10,83648832,41111493,FN,03128503446,https://randomuser.me/api/portraits/women/54.jpg,https://randomuser.me/api/portraits/med/women/54.jpg,https://randomuser.me/api/portraits/thumb/women/54.jpg,NO
female,Ms,Aurora,Gallego,9686,Calle de Alberto Aguilera,Alcalá de Henares,Castilla la Mancha,Spain,75155,-78.1683,179.9494,0:00,"Western Europe Time, London, Lisbon, Casablanca",aurora.gallego@example.com,6af5b836-6751-4795-a016-645894fc2d80,ticklishrabbit636,cumming,WwGsNoqs,6ae250ff7f9f740b0ad964eeb7d50670,fcf3083d54bc165b0ee98ec09ace913c8a1b8a6e,0f43cc103c92bd5ed63075206058c85c91ce5e3099a4eecce82a1e172774bc05,1983-01-02T03:47:03.211Z,38,2004-09-26T18:12:37.577Z,17,968-782-945,633-642-360,DNI,08652849-J,https://randomuser.me/api/portraits/women/41.jpg,https://randomuser.me/api/portraits/med/women/41.jpg,https://randomuser.me/api/portraits/thumb/women/41.jpg,ES
female,Mrs,Jennifer,Cox,8957,The Grove,Preston,Oxfordshire,United Kingdom,EI7G 5XZ,-15.2929,103.0969,-9:00,Alaska,jennifer.cox@example.com,4dea0e05-6344-436c-8b4b-54f08ca4c6c7,bigostrich657,courtney,9RIjfHeN,7c871331d518848a702a4572dc6b3988,489bcb359f9b68253ccb73dfcb5413acda688fb3,00d7f69c03085d69957ef7b30f8db9bd0561ecd830a8228e2c1c4f9595bca069,1993-04-26T12:53:47.309Z,28,2016-10-18T07:36:42.659Z,5,016973 79413,0706-281-564,NINO,RR 59 29 67 Z,https://randomuser.me/api/portraits/women/72.jpg,https://randomuser.me/api/portraits/med/women/72.jpg,https://randomuser.me/api/portraits/thumb/women/72.jpg,GB
female,Miss,Barbara,Taylor,8802,Park Road,Mallow,Dublin City,Ireland,35517,9.5336,160.0283,-1:00,"Azores, Cape Verde Islands",barbara.taylor@example.com,6c84cf27-73a4-4548-901d-2e8255a365dd,goldengoose153,fortune,HhK5cQzG,b34ece4b2bea3c9faf6542c22ced8a3e,8d72df888d1d0502b5ee41750a2f717ef6ce798b,e11a6e2a7e00d81a529f537e8ebeb93480e67918a5963d8152c2f35ef5c09945,1948-02-08T22:57:26.090Z,73,2004-06-29T22:20:48.580Z,17,071-511-9660,081-379-7042,PPS,1212211T,https://randomuser.me/api/portraits/women/74.jpg,https://randomuser.me/api/portraits/med/women/74.jpg,https://randomuser.me/api/portraits/thumb/women/74.jpg,IE
male,Mr,Elias,Morin,9377,Rue des Abbesses,Mulhouse,Yvelines,France,50456,82.4717,49.7004,-7:00,Mountain Time (US & Canada),elias.morin@example.com,26d57fbe-5d35-49b5-b1a7-a675cb2c08d5,goldendog919,chuai,XSdfn8kH,753f7fb415a2702395ef5bc7547ae05b,bbc6fc0fb85dcc57a2321f434430455d3d1130a2,0a77a37644be401c91d7d418c9e110be25189e595f9879110970ba084fbcc3f0,1969-12-14T22:35:19.645Z,52,2019-05-22T02:42:26.739Z,2,01-05-84-09-77,06-95-83-53-40,INSEE,1NNaN17300428 92,https://randomuser.me/api/portraits/men/28.jpg,https://randomuser.me/api/portraits/med/men/28.jpg,https://randomuser.me/api/portraits/thumb/men/28.jpg,FR
male,Mr,Munir,Oliveira,3024,Rua Rio de Janeiro ,Presidente Prudente,Ceará,Brazil,69484,-69.5500,-42.7505,-11:00,"Midway Island, Samoa",munir.oliveira@example.com,3c75532d-0f88-4822-a281-68e303e7de5e,sadswan760,major,pcKVoyDH,b2d99876e25207d59d021e540957e621,b0d79e2d7859309f0820a21438992f739be419d1,32368e6def6b9fe71300943342a0b4cb1cd3ae9f8fd4f9b8428eb743b0cb492e,1961-08-16T16:45:21.525Z,60,2017-01-20T20:03:32.709Z,4,(52) 9254-0316,(95) 6987-8206,,null,https://randomuser.me/api/portraits/men/3.jpg,https://randomuser.me/api/portraits/med/men/3.jpg,https://randomuser.me/api/portraits/thumb/men/3.jpg,BR
female,Miss,Eileen,Walther,4156,Tannenweg,Dassel,Mecklenburg-Vorpommern,Germany,59890,5.1108,-138.3668,+9:30,"Adelaide, Darwin",eileen.walther@example.com,569d0b16-6a30-4f27-9e49-eb650aaa8929,crazymeercat415,carlitos,aC02uoIi,39f9a9c36162b58a1d41121b13e72a89,bacb40e6d7b3d6b45cbbd0039288f98f820ecc09,f7dad7a852200a4b74f8edff020d7689d9333452382df7c7dd212d89d1eabecc,1949-11-06T03:45:09.083Z,72,2005-02-15T20:52:05.773Z,16,0453-1057104,0178-8388296,,null,https://randomuser.me/api/portraits/women/67.jpg,https://randomuser.me/api/portraits/med/women/67.jpg,https://randomuser.me/api/portraits/thumb/women/67.jpg,DE
female,Mrs,Kim,Gray,6449,Killarney Road,Roscommon,Carlow,Ireland,28235,-71.1722,163.5857,+3:00,"Baghdad, Riyadh, Moscow, St. Petersburg",kim.gray@example.com,453efe15-5265-435c-96b7-e56ae0420504,redfrog674,jersey,vwUY4M3R,05fddad0f9959507f928b0d6927ab229,1ae8fc8b42088691b3256f550dac85ca6cde20d4,bbb870085015a926d121bfb5e2591e9469c2059cb2087df2c249d6ce9fcdad60,1959-09-24T11:11:21.729Z,62,2002-08-14T11:47:46.215Z,19,021-632-5506,081-543-4143,PPS,6514734T,https://randomuser.me/api/portraits/women/21.jpg,https://randomuser.me/api/portraits/med/women/21.jpg,https://randomuser.me/api/portraits/thumb/women/21.jpg,IE
female,Mrs,Deborah,Perry,756,Mill Road,Peterborough,Somerset,United Kingdom,IG03 3JL,-26.0819,103.7219,+3:00,"Baghdad, Riyadh, Moscow, St. Petersburg",deborah.perry@example.com,f79d3421-30a8-4afe-8051-38ac89f5a7cd,crazyzebra734,foobar,DGrmK1xv,62b2b57648523c4caf3c6c8a247216c3,460afe812fca0ce453afa54e2e4eda40e9faa4ad,cbd26bf327d0158678dce745f55efa03bfae4511f1b148bf3becd6c20745dc5a,1976-08-26T15:39:22.295Z,45,2018-10-29T04:07:30.812Z,3,015395 79333,0778-963-459,NINO,RB 47 03 63 H,https://randomuser.me/api/portraits/women/8.jpg,https://randomuser.me/api/portraits/med/women/8.jpg,https://randomuser.me/api/portraits/thumb/women/8.jpg,GB
female,Miss,Sophie,Ambrose,3035,Lake of Bays Road,Havelock,Nunavut,Canada,U3X 7A9,-29.5394,-79.2081,+11:00,"Magadan, Solomon Islands, New Caledonia",sophie.ambrose@example.com,622127f5-e06f-424a-bf40-4bc584a3444d,lazyfrog547,tricia,tu5aqmaZ,5f48e3415cf5455b18b0e41d8cc5c52a,7ca6f208897f779c2574b84912fbc5edfd6a4ffe,d67270eba60d2ec2399e145fb1e5970e5ea2cab576ec6b29a854eb7653583852,1995-09-28T03:02:25.740Z,26,2018-01-03T16:15:07.748Z,3,289-759-2503,233-933-2054,,null,https://randomuser.me/api/portraits/women/68.jpg,https://randomuser.me/api/portraits/med/women/68.jpg,https://randomuser.me/api/portraits/thumb/women/68.jpg,CA
female,Mrs,Sélène,Giraud,70,Rue de L'Abbé-Patureau,Le Mans,Moselle,France,73873,48.8144,34.6669,+6:00,"Almaty, Dhaka, Colombo",selene.giraud@example.com,b26bcce4-f785-45b7-86a0-1da94d6e69b7,sadkoala144,newman,TfUjqDeY,153c902beb4dfd4261b80dc0eccadf25,28f223ea38ac67f60cdab2544dd56c2463b43a53,1ead8e28fc44b16f7ea5c200e8c3f542ac4ecbc446c2dcc871eabae155426f29,1973-11-14T20:55:57.742Z,48,2008-04-23T09:32:15.334Z,13,02-61-49-50-45,06-09-33-27-04,INSEE,2NNaN04378229 45,https://randomuser.me/api/portraits/women/80.jpg,https://randomuser.me/api/portraits/med/women/80.jpg,https://randomuser.me/api/portraits/thumb/women/80.jpg,FR
male,Mr,Derrick,Hudson,6585,Queens Road,Norwich,Lothian,United Kingdom,QD00 8TR,-58.7653,-25.8407,+8:00,"Beijing, Perth, Singapore, Hong Kong",derrick.hudson@example.com,2eebb6fb-8218-41a4-ab9e-dcbc1490cbdc,goldenostrich611,fright,NwEI7cdH,dc899780767f22abb433d88e3eb8bde8,d743e7fa2ac28e20e41bdc388c334fd739b91fc3,b39fb00ad183ba6ba16737b6d905d35fcc89cb685d51e8a7f3c9192de2d01047,1988-11-10T16:14:15.453Z,33,2016-10-02T04:18:59.641Z,5,015396 59841,0736-363-025,NINO,KE 28 69 84 U,https://randomuser.me/api/portraits/men/17.jpg,https://randomuser.me/api/portraits/med/men/17.jpg,https://randomuser.me/api/portraits/thumb/men/17.jpg,GB
male,Mr,Azuil,da Rocha,9674,Avenida da Democracia,São Mateus,Sergipe,Brazil,90836,-33.9018,107.0326,-12:00,"Eniwetok, Kwajalein",azuil.darocha@example.com,e071685e-90c5-4a06-9296-0c62394a665c,happyostrich784,katherin,noYRLOLz,10d6aa2b6a4542d948c0876d58b54f6f,1426e301c4e39a3dcccbb0736dd398b890167031,1ac1cbce541fca5fdfd8ed251a6727e4378e79e9ddc91c619c7579ee4aa5ff31,1979-09-28T22:42:25.390Z,42,2010-01-08T03:51:10.811Z,11,(39) 3385-4159,(11) 1560-1195,,null,https://randomuser.me/api/portraits/men/81.jpg,https://randomuser.me/api/portraits/med/men/81.jpg,https://randomuser.me/api/portraits/thumb/men/81.jpg,BR
male,Mr,Felix,Poulsen,5123,Søvejen,Sandved,Danmark,Denmark,40445,57.3741,-82.8974,+3:30,Tehran,felix.poulsen@example.com,c42a75e7-69eb-48a7-9ce6-261603a8d85d,tinykoala926,trunks,9IVxzJk9,437d4a921c68d00626cec566de7b3c1c,6b625d29b006796ae0b2c9e63fb065bbaca594dd,e05efb11f8e2aa226a669a69b3023f7b984412bb1c7697515b918e435e75e957,1974-06-09T20:34:38.727Z,47,2012-08-17T02:04:08.635Z,9,99087212,40776534,CPR,090674-5795,https://randomuser.me/api/portraits/men/57.jpg,https://randomuser.me/api/portraits/med/men/57.jpg,https://randomuser.me/api/portraits/thumb/men/57.jpg,DK
female,Ms,Emma,Green,4383,Marshland Road,Wellington,Waikato,New Zealand,22763,-62.1654,15.0491,+8:00,"Beijing, Perth, Singapore, Hong Kong",emma.green@example.com,a6259365-5b2e-43cf-8fa4-215c569b8ca8,redfish736,monique,wlwseXKc,a7eab927732223ae581b83b218a8130f,3bc64684ab66903a4f08b09103f12b4127391a58,5230c0c77e1be2ca6998ea3e98fb2d8b452a11351232a9f8b62d6e2719e9c758,1963-01-25T21:03:36.227Z,58,2003-02-04T22:09:11.939Z,18,(178)-235-5946,(230)-975-7254,,null,https://randomuser.me/api/portraits/women/96.jpg,https://randomuser.me/api/portraits/med/women/96.jpg,https://randomuser.me/api/portraits/thumb/women/96.jpg,NZ
male,Mr,Vincent,Chapman,2074,Blossom Hill Rd,Wagga Wagga,Victoria,Australia,1411,6.7179,-168.1580,+5:30,"Bombay, Calcutta, Madras, New Delhi",vincent.chapman@example.com,b3d18a78-32cf-4f75-a88f-abd29511c87e,orangeelephant150,2424,oRkchnl5,bd60b1781e25303bfe5edbecea933b79,c9505bf662a15ea3f987a7ec3ce82e40ffa4f0e6,87e8b9ffdc8b1c5b84cf25e2e7826480a115213f0db28fa23a0dcc025c2abde0,1974-03-14T19:43:06.094Z,47,2014-02-03T06:05:50.756Z,7,00-7022-9253,0494-475-694,TFN,147604410,https://randomuser.me/api/portraits/men/62.jpg,https://randomuser.me/api/portraits/med/men/62.jpg,https://randomuser.me/api/portraits/thumb/men/62.jpg,AU
male,Mr,Ivan,Romero,2653,Calle de La Democracia,Barcelona,Castilla la Mancha,Spain,69717,-56.6448,-68.2063,-10:00,Hawaii,ivan.romero@example.com,b48df23e-c53c-4aa8-b4fa-bfa92e16ea93,bluewolf818,monty1,Ju0eHhdM,ac76ac21fae76e381da2a997aed749b3,f989e423380e16c970481fa07bc0aaf7b1ba3693,facff3e8dc1b8639bd8d97633cbc0963a01b476a4522c836cdfd659c78e8da16,1992-12-07T18:33:15.239Z,29,2005-08-22T10:59:47.734Z,16,949-600-807,609-070-540,DNI,74319839-S,https://randomuser.me/api/portraits/men/33.jpg,https://randomuser.me/api/portraits/med/men/33.jpg,https://randomuser.me/api/portraits/thumb/men/33.jpg,ES
male,Mr,Diego,Gil,6060,Calle de Pedro Bosch,Zaragoza,Castilla y León,Spain,26978,-38.9650,15.7946,+9:30,"Adelaide, Darwin",diego.gil@example.com,19e0a685-5501-42cf-822e-aa15cfc17413,biggorilla330,hannah,mzEY7DT7,79e5aab4f4911b48577e904c4b0b2ff3,7a74fa217845ccfd26fc6d24fb1ddea67dbf2fc5,48107a6a38ea9476f1c0857c881e7bf976bc575da80c70a6189983308b4b3c81,1967-12-09T14:18:59.662Z,54,2007-11-06T01:48:22.440Z,14,994-085-302,683-295-529,DNI,36112357-F,https://randomuser.me/api/portraits/men/98.jpg,https://randomuser.me/api/portraits/med/men/98.jpg,https://randomuser.me/api/portraits/thumb/men/98.jpg,ES
female,Ms,Ege,Okur,5688,Vatan Cd,Mardin,Kırklareli,Turkey,68545,-70.3752,-101.5174,+11:00,"Magadan, Solomon Islands, New Caledonia",ege.okur@example.com,332823b2-fb8f-47cb-813f-28352e7f4208,crazyostrich348,phil,8o4b9cnN,87be2dd7bc23ddfb96bfeda6f55d052c,13e725f6da0db55e5336e41bb7978538ccf8c8b5,72ce5bb8e35228817522ad1af058567081e4085773c4391ce5d57522aa7361b7,1993-12-19T03:09:21.584Z,28,2010-08-07T04:18:15.735Z,11,(574)-121-0674,(239)-515-2753,,null,https://randomuser.me/api/portraits/women/12.jpg,https://randomuser.me/api/portraits/med/women/12.jpg,https://randomuser.me/api/portraits/thumb/women/12.jpg,TR
male,Mr,Théo,Clement,5090,Rue de la Barre,Amiens,Gard,France,97372,59.8760,-7.6888,-10:00,Hawaii,theo.clement@example.com,0fbcf9c4-9670-41b4-8063-ee514ab049b3,orangemouse916,menace,jJL84OeZ,edad21478f675eaa7068ebc2de705d2f,831a5467b3a0f30f013f30b0f42c14547ef0dbca,f4ee1313c6a3ada3ade74a307aa83ced1a78f533d1bebe7c03c34f6f31a0ca9b,1984-12-01T04:14:56.968Z,37,2015-11-07T09:29:56.510Z,6,04-37-25-07-15,06-10-37-72-43,INSEE,1NNaN23424168 04,https://randomuser.me/api/portraits/men/59.jpg,https://randomuser.me/api/portraits/med/men/59.jpg,https://randomuser.me/api/portraits/thumb/men/59.jpg,FR
female,Ms,Noémie,Grewal,5172,Dundas Rd,Inverness,Yukon,Canada,R0U 4F6,28.9699,-90.0833,-3:30,Newfoundland,noemie.grewal@example.com,09c36789-beb5-4d08-be38-7151af9afccd,happybutterfly967,abc12345,Mp4FOz7M,fe89bafbd9e460776884150c7981e338,ee5a2c92465dfcae2a318b643ee37415c96c7c52,7cfe59652750e01c7ce1ea8a098c1adfd89fbfa373fe29e9d3c4a38f68bdc406,1972-04-23T12:14:32.853Z,49,2002-07-14T22:09:51.551Z,19,346-272-6391,320-120-6823,,null,https://randomuser.me/api/portraits/women/32.jpg,https://randomuser.me/api/portraits/med/women/32.jpg,https://randomuser.me/api/portraits/thumb/women/32.jpg,CA
female,Ms,Cora,Fiedler,3206,Rosenstraße,Eisenberg,Sachsen,Germany,81398,-38.8393,-166.0535,+3:00,"Baghdad, Riyadh, Moscow, St. Petersburg",cora.fiedler@example.com,94d3e0e6-e278-407f-9539-2349512b7942,brownbird723,nelson,0Ym8WdCc,21e0127a67fdfd39bad18d345eef0051,c3f24b76bc87030b90e376fe4fd641ce9439cf96,876cfa17b6ff7d0f2694da42351fdbad92020354c9ab1f67bc4c16e6d779d9cd,1968-05-22T11:37:01.731Z,53,2017-04-24T16:15:39.557Z,4,0236-3010188,0174-6103581,,null,https://randomuser.me/api/portraits/women/88.jpg,https://randomuser.me/api/portraits/med/women/88.jpg,https://randomuser.me/api/portraits/thumb/women/88.jpg,DE
male,Mr,Mathew,Williams,8992,Henry Street,Nenagh,Cavan,Ireland,76100,-79.5756,22.9646,-2:00,Mid-Atlantic,mathew.williams@example.com,b207dc5d-d4fa-4a99-978a-5c0355bce9db,silverladybug917,herbert,I1RlQ6l6,af169d375d7c6de0e1f7282fe12bafe7,925cca0af875580a28a0b9f19222dde482dcbe5e,49e96c972ad70238c33c7ec82a36af96593a0771cea663e0abb833093233cd57,1973-12-20T21:12:51.904Z,48,2007-09-10T09:10:13.985Z,14,011-733-9119,081-499-2587,PPS,4801992T,https://randomuser.me/api/portraits/men/67.jpg,https://randomuser.me/api/portraits/med/men/67.jpg,https://randomuser.me/api/portraits/thumb/men/67.jpg,IE
male,Mr,Barry,Curtis,7500,Manchester Road,Norwich,County Fermanagh,United Kingdom,S5H 0XZ,-2.8701,61.4656,-5:00,"Eastern Time (US & Canada), Bogota, Lima",barry.curtis@example.com,4a4032a5-4891-4a87-a626-5a926b57994b,bigtiger814,chief,CyUAWkTG,e42a279d3d23775085d847e16152384d,d754ec73cbaf5e7c4756ae958dc45cb410b90445,8bbb3dc331778eb3c61cb7b2f24e40a7725f33d1255233d21e14b846673685eb,1982-07-03T14:55:36.286Z,39,2011-01-31T04:36:10.029Z,10,016974 79275,0714-803-249,NINO,GN 81 24 47 R,https://randomuser.me/api/portraits/men/78.jpg,https://randomuser.me/api/portraits/med/men/78.jpg,https://randomuser.me/api/portraits/thumb/men/78.jpg,GB
male,Mr,Lorenzo,Reyes,1791,Avenida del Planetario,Vitoria,Castilla y León,Spain,58765,-27.7589,15.8362,-6:00,"Central Time (US & Canada), Mexico City",lorenzo.reyes@example.com,17ac5784-39d5-4554-bb9f-18e2594d9cac,smallmeercat573,zhuang,rLzbPewl,f320cc4d14aacb47908636a6b2148903,1bf51b7859f1cb562994e3fe9b8cbdba6572a669,332f9d76b506c22662c7df203ccd3950bc5194b924b70b3f2c67d9787a4e6f2e,1946-11-26T12:43:04.811Z,75,2018-01-10T03:11:56.687Z,3,907-033-575,695-107-251,DNI,15264214-Q,https://randomuser.me/api/portraits/men/0.jpg,https://randomuser.me/api/portraits/med/men/0.jpg,https://randomuser.me/api/portraits/thumb/men/0.jpg,ES
male,Mr,Eemil,Suomi,666,Hatanpään Valtatie,Loppi,Åland,Finland,40467,8.4170,24.2109,+4:30,Kabul,eemil.suomi@example.com,fb9a6ea5-5e72-4baa-bf71-7aec42ad441a,whiteostrich154,sheriff,yLiMhv2R,7624f12ba0ddc3ad872ad51c54fd19b7,487c4e5f408c7ae6f7b388ba756e55fbc46729ba,d13f279d1efc0db76f8159eeab57f70edc2e0b1574bef007d59951619d616209,1960-03-07T22:05:37.371Z,61,2007-11-19T22:59:05.391Z,14,07-768-093,040-231-52-19,HETU,NaNNA871undefined,https://randomuser.me/api/portraits/men/93.jpg,https://randomuser.me/api/portraits/med/men/93.jpg,https://randomuser.me/api/portraits/thumb/men/93.jpg,FI
male,Mr,Matias,Lehtonen,3521,Rautatienkatu,Pyhäjoki,Satakunta,Finland,57384,38.5331,-17.5997,+2:00,"Kaliningrad, South Africa",matias.lehtonen@example.com,79a84be4-5425-42a1-b1fc-9a7c0f1d247b,happykoala363,slipknot,i14VPkNE,b9c9bcf75e8a2405c69c48e85f760f69,fc0adc120d0f77fcfdb3c0e1aed4b29ff48055dc,0a655efbcfaa270fd41322136ba52b64b3f95ce8a57e38fde8de5372a5cc3995,1955-08-15T11:51:03.418Z,66,2014-08-22T21:40:59.896Z,7,09-017-064,042-538-85-88,HETU,NaNNA337undefined,https://randomuser.me/api/portraits/men/43.jpg,https://randomuser.me/api/portraits/med/men/43.jpg,https://randomuser.me/api/portraits/thumb/men/43.jpg,FI
female,Miss,Berta,Stengel,1353,Lessingstraße,Bürgel,Bremen,Germany,97380,21.3093,-128.6733,-8:00,Pacific Time (US & Canada),berta.stengel@example.com,794f1f52-78f6-4904-8630-5b5d18974d86,orangemeercat107,poker,TJoDai7R,4aadd3f3c98c76ee92d82aef93d79fae,18c8f197a6e71ec03c20547f75f28069dad63494,6b18e82c7a68aac1db1b1007405496b3b09fa711cd8f6ab42235ad80c8a36adc,1976-04-30T09:48:21.833Z,45,2015-06-02T08:50:37.433Z,6,0750-3299086,0179-0565741,,null,https://randomuser.me/api/portraits/women/87.jpg,https://randomuser.me/api/portraits/med/women/87.jpg,https://randomuser.me/api/portraits/thumb/women/87.jpg,DE
male,Mr,Logan,Harris,3561,Frederick Street,Porirua,Wellington,New Zealand,61490,51.1533,115.1234,+3:30,Tehran,logan.harris@example.com,fa468e94-3f6e-44ef-975f-d5f953055573,beautifulelephant551,bowtie,IpjLMVzm,945f7e83527cba5fef19c40344ab4d0a,19ef981807bfc7a74f51f35a9a80c31f782b017c,c8a3368ffe73a6967440fadf7d432f0fd4028bdc1aee8c8611c0b69ecd0db3c9,1988-06-24T16:32:28.594Z,33,2007-12-20T21:18:18.071Z,14,(280)-453-8962,(969)-158-3790,,null,https://randomuser.me/api/portraits/men/17.jpg,https://randomuser.me/api/portraits/med/men/17.jpg,https://randomuser.me/api/portraits/thumb/men/17.jpg,NZ
male,Mr,Mathis,Gagnon,6618,Dieppe Ave,Dorchester,Ontario,Canada,K7U 1T1,-30.1974,92.0895,+4:00,"Abu Dhabi, Muscat, Baku, Tbilisi",mathis.gagnon@example.com,d9ab2405-ffaa-407b-8595-419f01f49692,purplezebra733,golfer1,6GJqnT40,b15f9322ba6b8ef8477483c2c2644f45,8ecc332be3859fa02a69400208d1008c374c7bd4,e36ebfaad33286ae78fe577a09b19bfe38d11f83ef8586b7852c6af93c8cac68,1994-09-16T21:15:09.747Z,27,2016-09-15T10:29:43.362Z,5,528-856-6427,508-638-8063,,null,https://randomuser.me/api/portraits/men/42.jpg,https://randomuser.me/api/portraits/med/men/42.jpg,https://randomuser.me/api/portraits/thumb/men/42.jpg,CA
male,Mr,Haakon,Finnøy,3417,Bråtenalléen,Opphaug,Møre og Romsdal,Norway,3733,-34.4306,-62.6454,+9:00,"Tokyo, Seoul, Osaka, Sapporo, Yakutsk",haakon.finnoy@example.com,e0430de8-57fe-4b3e-bb9e-3815356f5631,beautifulbear509,tardis,OCwE9htv,afebaefd9a71a508a65e9234b9fd9063,053afea2ef9ffadc8d99bc9cf315b165666f85c9,9a06cc4ca30a750f95517381ae50e5fef799fe93ced9e1e040f6eed0cbe6a775,1980-05-06T17:51:49.415Z,41,2006-08-16T22:49:02.201Z,15,79993726,45251308,FN,06058022118,https://randomuser.me/api/portraits/men/61.jpg,https://randomuser.me/api/portraits/med/men/61.jpg,https://randomuser.me/api/portraits/thumb/men/61.jpg,NO
female,Mrs,Avery,Weaver,2654,Royal Ln,Grand Prairie,South Carolina,United States,38558,5.0578,-15.9208,-6:00,"Central Time (US & Canada), Mexico City",avery.weaver@example.com,c4eb0f78-f68c-4096-bbb1-c2471dab7085,bigbutterfly180,buzzard,ER1lD1Ce,9b357b42a972bdb446656c397bb6faf4,c60d4f21a036b56ee35e449aceb53781e89a95fa,9a3a76b08b03a23061ae986899991ccbb88b7397d97a3b31dfa47079b568c912,1988-01-17T12:21:24.103Z,33,2015-10-10T22:08:54.462Z,6,(213)-399-2522,(076)-311-1387,SSN,175-61-4406,https://randomuser.me/api/portraits/women/80.jpg,https://randomuser.me/api/portraits/med/women/80.jpg,https://randomuser.me/api/portraits/thumb/women/80.jpg,US
male,Mr,علیرضا,قاسمی,1483,شهید بهشتی,ورامین,یزد,Iran,54936,58.7977,-58.4623,-12:00,"Eniwetok, Kwajalein",aalyrd.qsmy@example.com,927e8169-0f55-44c1-a166-cc43e7a8337d,silverduck432,gypsy,kZBEYslg,3c884a6c8a46ae269b9513a9eb0abd2c,f21afa4f32b8f7145e31590824e7b3fc680602c8,e0ca3c7fbc6737709304a549cdd54f70890c965a58b403fa290e8371b2f8b530,1958-09-04T16:29:50.250Z,63,2006-01-30T13:19:01.545Z,15,045-41989129,0961-641-3306,,null,https://randomuser.me/api/portraits/men/8.jpg,https://randomuser.me/api/portraits/med/men/8.jpg,https://randomuser.me/api/portraits/thumb/men/8.jpg,IR
male,Mr,Maxime,Anderson,4460,Lakeview Ave,Sidney,Alberta,Canada,F8L 9T5,28.5382,55.0885,-2:00,Mid-Atlantic,maxime.anderson@example.com,99aa578f-0085-44a9-9d2d-36a76c1e7bf6,beautifuldog409,internal,UT0a0O5a,d6032df91e15185ba6ec74d42ab8ed87,eb5d102ad2a5a7577d9da6641b2b7369c83a95a5,3d66b5574cfe4b813fc14387631a19c571b69fa18acd0c43ba73df1773767ac0,1970-11-21T01:21:26.333Z,51,2011-05-18T14:56:38.471Z,10,174-227-1375,148-266-7725,,null,https://randomuser.me/api/portraits/men/44.jpg,https://randomuser.me/api/portraits/med/men/44.jpg,https://randomuser.me/api/portraits/thumb/men/44.jpg,CA
female,Mademoiselle,Aurore,Robin,7909,Rue de Cuire,Vendlincourt,Fribourg,Switzerland,1825,-32.5679,-68.7898,-1:00,"Azores, Cape Verde Islands",aurore.robin@example.com,787f5d01-fca1-407d-b372-7078a18d7d2c,beautifulmeercat178,royals,9ctEMJfK,1305a3036108972b932ec35924e19ec7,d78df74411a2b5d3c868f2dcbe983b6a5bdd57fd,884f0d69036b54ad48eaa7596a2ebc114a034632a2b7b06e57f6b57a61415243,1987-10-21T19:06:05.054Z,34,2008-09-11T11:19:44.525Z,13,078 498 65 76,077 802 47 70,AVS,756.4054.0862.32,https://randomuser.me/api/portraits/women/63.jpg,https://randomuser.me/api/portraits/med/women/63.jpg,https://randomuser.me/api/portraits/thumb/women/63.jpg,CH
male,Mr,Riza,Joseph,8098,Erlenweg,Ellwangen (Jagst),Mecklenburg-Vorpommern,Germany,14101,70.9972,-2.6943,+7:00,"Bangkok, Hanoi, Jakarta",riza.joseph@example.com,134ff34a-8fe6-41f7-94d9-0f474110d593,bigpeacock446,818181,LvQTqyxo,54582828f23a3ecade27c65c5e119852,97da78e334927fa073c303b2f65fa0700c909fda,3b17f13d0b72e53a772d843719b282f4e611d3e401998978e4e3598e1f39c16a,1976-08-21T08:48:03.974Z,45,2004-08-07T06:35:13.011Z,17,0289-5288334,0172-0946428,,null,https://randomuser.me/api/portraits/men/11.jpg,https://randomuser.me/api/portraits/med/men/11.jpg,https://randomuser.me/api/portraits/thumb/men/11.jpg,DE
female,Mrs,Zoe,Ambrose,2800,15th St,Cochrane,Nova Scotia,Canada,O2E 9K2,-58.3023,132.0703,+7:00,"Bangkok, Hanoi, Jakarta",zoe.ambrose@example.com,1611cd1d-c8ca-4b1c-b5d5-bcb9b61e776a,ticklishrabbit858,picture,pJV6KgTN,f0265a49569e232a94b3c3d75e9fc6b0,a63d69d1ab217574939017a39b185066b9212c84,5e69571f50bfc23265a189d0e48d4318c2ed18b75ba64fcdf68866294bdb1660,1956-03-20T17:53:12.977Z,65,2016-11-17T01:28:09.403Z,5,297-081-5447,938-767-3032,,null,https://randomuser.me/api/portraits/women/52.jpg,https://randomuser.me/api/portraits/med/women/52.jpg,https://randomuser.me/api/portraits/thumb/women/52.jpg,CA
male,Mr,Marcus,Zhang,9678,Domain Road,Hastings,Nelson,New Zealand,71069,-27.2736,37.8559,+1:00,"Brussels, Copenhagen, Madrid, Paris",marcus.zhang@example.com,6048f1b9-bf2f-4343-b0e8-9da200db94c9,silverfish159,phialpha,iicTs578,adbb7dcef264e8c6950209b5d5a86876,f852d8f6271d4fbfbc8715d21593e83dd44c8aff,6939dc320305bfc15d904b083f4c6cb4da2234508d47d70e4738867001276e1d,1958-08-22T21:11:52.919Z,63,2010-03-14T06:57:36.177Z,11,(562)-262-7931,(151)-977-7548,,null,https://randomuser.me/api/portraits/men/78.jpg,https://randomuser.me/api/portraits/med/men/78.jpg,https://randomuser.me/api/portraits/thumb/men/78.jpg,NZ
male,Mr,Roope,Kotila,4749,Bulevardi,Nakkila,Kainuu,Finland,39733,55.4358,91.6346,-11:00,"Midway Island, Samoa",roope.kotila@example.com,6bfcdaf1-8524-4dae-a7c1-3250f0eee33c,brownpeacock474,sabbath,cekzKitz,6cf2282a575fc1076faad337d384dd2c,902dee0b1ecfe543a16e83574038e79df9759f3d,91b6b2d54b458d3e7f6eafcb0ee8f5082181028b13f4d4f3cf576bbbfc904458,1952-01-12T18:28:45.661Z,69,2002-05-20T21:53:24.282Z,19,05-267-574,049-828-05-97,HETU,NaNNA629undefined,https://randomuser.me/api/portraits/men/21.jpg,https://randomuser.me/api/portraits/med/men/21.jpg,https://randomuser.me/api/portraits/thumb/men/21.jpg,FI
female,Mrs,Mia,Carlson,1970,Manor Road,Canterbury,Mid Glamorgan,United Kingdom,U9E 9ED,37.1350,39.2436,-9:00,Alaska,mia.carlson@example.com,a9686aca-7d5f-455d-8728-f2218a022f85,ticklishfrog320,eleanor,dFR8415R,4b4b48b18bd918736677d6d287774fa0,b942875ac682029e0661088b74c17fe23c6a1919,2c87871ac2e1927916ad3d3ee32765930406bd287387c116493dbace17389140,1991-02-07T06:35:48.733Z,30,2007-03-20T05:42:49.234Z,14,013873 28193,0736-469-607,NINO,PB 41 24 29 S,https://randomuser.me/api/portraits/women/32.jpg,https://randomuser.me/api/portraits/med/women/32.jpg,https://randomuser.me/api/portraits/thumb/women/32.jpg,GB
female,Miss,Deborah,Johnson,9706,Oaks Cross,Sunderland,Mid Glamorgan,United Kingdom,M5 2ET,-43.9495,-72.9317,+11:00,"Magadan, Solomon Islands, New Caledonia",deborah.johnson@example.com,d98db25f-8c66-492f-ad7e-899ff1ec3247,brownzebra632,wifey,gPdrnUpk,d4be79b0b31bc6ddb031beca59ba7ce8,9f3d24e833e91f9fc62a792703e598cf8527d22a,6a783173bd4b0c478239bd3be44340b534df844d925c6920c6a349ff14d92abe,1947-06-21T19:45:17.945Z,74,2015-05-06T00:33:38.720Z,6,016973 36529,0778-945-815,NINO,KB 65 24 31 Y,https://randomuser.me/api/portraits/women/22.jpg,https://randomuser.me/api/portraits/med/women/22.jpg,https://randomuser.me/api/portraits/thumb/women/22.jpg,GB
female,Mrs,Layla,Wilson,2112,Tuam Street,Whanganui,Canterbury,New Zealand,40783,-88.8500,80.8137,-9:00,Alaska,layla.wilson@example.com,cb9678bf-9dd4-43cd-b8ed-252541c909a4,bluemeercat489,hamster,O2JkXfKS,295c1cc2b04abd710854345218820a8f,19ad521e9c81b1f2033466c667481fd172b97cd6,592f2a348795b325957085e58c6892314b04e673fd81d2695f91e675af59abd8,1969-02-21T22:07:02.988Z,52,2014-07-27T14:34:58.665Z,7,(811)-320-3194,(073)-508-2499,,null,https://randomuser.me/api/portraits/women/30.jpg,https://randomuser.me/api/portraits/med/women/30.jpg,https://randomuser.me/api/portraits/thumb/women/30.jpg,NZ
female,Miss,Marie,Andersen,3273,Oddesundvej,Støvring ,Sjælland,Denmark,16500,37.2087,-57.4358,+10:00,"Eastern Australia, Guam, Vladivostok",marie.andersen@example.com,0f3bd458-9e7a-4360-ac8b-38601f2b30ec,bluefish251,gundam,MnQ6KpGU,084a2a062918ee1859b8ac9d0bdb2e67,3dc97a3824748765d610cc1a2d9094a43a246b44,aa770ca41626066c1cb3fc6bb1a4690f8c4b0cb1cf9ea5fc8bcc04d0c54c07d8,1983-03-13T19:17:07.645Z,38,2015-04-09T23:51:00.629Z,6,19020579,59261754,CPR,130383-2783,https://randomuser.me/api/portraits/women/10.jpg,https://randomuser.me/api/portraits/med/women/10.jpg,https://randomuser.me/api/portraits/thumb/women/10.jpg,DK
male,Monsieur,Michel,Petit,2832,Boulevard de la Duchère,Éclépens,Luzern,Switzerland,5307,12.2004,-98.5611,+5:00,"Ekaterinburg, Islamabad, Karachi, Tashkent",michel.petit@example.com,b20132e0-8408-4a90-b033-f385f77c89e7,bigfrog295,indigo,nfQTnZWn,8939ef1ba0ed26997bc59f81bd66f850,ce35d30a5e27b3880a303d1adaaee7fb90bd18c2,af5ab379426fa9d59fff31578d506e7344e101930e6cb97ae1cf1495a573e7a7,1967-12-03T21:58:31.249Z,54,2016-09-16T17:56:40.872Z,5,079 666 60 75,075 650 99 64,AVS,756.6542.3760.68,https://randomuser.me/api/portraits/men/23.jpg,https://randomuser.me/api/portraits/med/men/23.jpg,https://randomuser.me/api/portraits/thumb/men/23.jpg,CH
female,Miss,Salma,Hilde,6789,Erlandstuveien,Fuglevik,Bergen,Norway,0211,-65.3168,-15.5765,+11:00,"Magadan, Solomon Islands, New Caledonia",salma.hilde@example.com,ca077201-548c-4148-94a9-5f1810992fce,bluelion735,manowar,IwoRwC0k,5c3533052851e9f51d1d15158a3d524c,29ce23a49b7040f5e9ffd80b414bed238b245140,b6b5ad8636f10f1134e253fcd7b7c45d74245e47ccc2d8c82de57cba8c6aec2e,1973-08-02T16:28:30.475Z,48,2005-09-19T06:46:24.044Z,16,74105795,42120166,FN,02087308092,https://randomuser.me/api/portraits/women/10.jpg,https://randomuser.me/api/portraits/med/women/10.jpg,https://randomuser.me/api/portraits/thumb/women/10.jpg,NO
female,Ms,Kristin,Cunningham,9422,Spring St,Montgomery,Oregon,United States,56005,-54.8246,-57.9674,+9:00,"Tokyo, Seoul, Osaka, Sapporo, Yakutsk",kristin.cunningham@example.com,7ea00d0c-1e0b-4096-8c75-1fd5fb5145e9,orangegoose681,clancy,zloUMRlf,62aabf610916f761c8d03a14b4d1397a,6b26eee65ffbf63ece1df8f580f35964ed4f9223,635d99f10db9c9ed7971758bfa0e98d8851db64996da6c95e64e325885b24d00,1953-07-29T09:31:50.723Z,68,2007-10-14T10:04:43.654Z,14,(099)-952-1729,(584)-374-2404,SSN,894-98-6340,https://randomuser.me/api/portraits/women/55.jpg,https://randomuser.me/api/portraits/med/women/55.jpg,https://randomuser.me/api/portraits/thumb/women/55.jpg,US
female,Miss,Daiani,da Costa,5767,Rua São João ,Palhoça,Amapá,Brazil,87052,13.6228,177.0245,+4:00,"Abu Dhabi, Muscat, Baku, Tbilisi",daiani.dacosta@example.com,53367df7-bf61-4646-9ff6-0d8404d54f98,angrypeacock626,powers,lazMBBN7,e7341f0a9d4734e4d57291b4e7696894,96f5bf5c02b50eb7294800f23588f96e6fb3aee9,8854293b92a6453c93bd800b19bd5b140af259c0f3b4ac86493cb8263dd86c61,1985-10-22T12:28:38.205Z,36,2019-07-20T09:39:13.874Z,2,(92) 2059-2361,(46) 0653-3802,,null,https://randomuser.me/api/portraits/women/88.jpg,https://randomuser.me/api/portraits/med/women/88.jpg,https://randomuser.me/api/portraits/thumb/women/88.jpg,BR
male,Mr,Janniek,Marchena,7176,H.W. Heinsiusweg,'s-Gravenpolder,Friesland,Netherlands,72903,-43.6527,150.5443,-11:00,"Midway Island, Samoa",janniek.marchena@example.com,4a22359c-3ef4-4abf-9f97-af3e0f03ab4a,blacklion937,1018,xRaQC2Hl,6bec8897c3d0caee65a312d6a37de343,79f201edf95fcb16a2975bbdbfe396adf020b70c,f7f413376257fd959ec0a0fc185882669820deb604154b88028f0f2800651343,1976-03-25T19:11:56.273Z,45,2004-04-21T03:23:48.659Z,17,(510)-419-2354,(023)-258-8451,BSN,57717532,https://randomuser.me/api/portraits/men/1.jpg,https://randomuser.me/api/portraits/med/men/1.jpg,https://randomuser.me/api/portraits/thumb/men/1.jpg,NL
female,Madame,Margareta,Michel,1765,Rue de Cuire,Gilly,Appenzell Innerrhoden,Switzerland,5767,-40.2014,148.1746,-11:00,"Midway Island, Samoa",margareta.michel@example.com,728b7141-1ac6-436f-8284-c9686e218a04,angrydog539,socrates,dMzV2663,21fda729d79db907e49f5e3fa1f95a77,31786947ebd100e9462ebfc33ac71b0a2d0ddbba,e3e3fbbbd6fe2b48d0e99fea488d42ec3bd15884710af3491cee144ee0c8ade7,1995-08-03T13:18:07.820Z,26,2015-03-04T15:07:32.252Z,6,075 132 70 10,078 621 03 24,AVS,756.6065.1062.36,https://randomuser.me/api/portraits/women/31.jpg,https://randomuser.me/api/portraits/med/women/31.jpg,https://randomuser.me/api/portraits/thumb/women/31.jpg,CH
female,Mrs,Afşar,Çetiner,8005,Kushimoto Sk,Ağrı,Kahramanmaraş,Turkey,68699,84.7448,-123.3354,-6:00,"Central Time (US & Canada), Mexico City",afsar.cetiner@example.com,99fea1d9-8aeb-4c9a-8b48-0b38205bc465,yellowzebra613,babyboy,Ggi7U016,03a6e132710b21a9f64f5441dbeb1a6c,9b399a7f4fb0394e2c6da4a7010ca0416d9368af,7c71529f52af8d67e1c736774c21e1d82cf5d70b2bc0cc04998a60efabcdc289,1981-10-18T16:23:59.446Z,40,2017-10-08T10:29:19.294Z,4,(841)-957-8258,(033)-923-8921,,null,https://randomuser.me/api/portraits/women/32.jpg,https://randomuser.me/api/portraits/med/women/32.jpg,https://randomuser.me/api/portraits/thumb/women/32.jpg,TR
male,Mr,علی,مرادی,8326,امیرکبیر,دزفول,گیلان,Iran,86410,-44.2510,-64.6599,-1:00,"Azores, Cape Verde Islands",aaly.mrdy@example.com,64729d18-2cd6-4d58-a7fb-94e8a6fa161f,bigladybug209,breast,HY3h8ocr,24bd3ae83b319d4b6d8bc00a6eb4d207,69b62e41d74128553b2a7bf20e1b5089fdbf6266,e5be0fcf60370fa7d8a44f3c4a7cd2f94ab3ac4eae389a6250b306bd30393d21,1995-06-02T18:49:41.590Z,26,2005-02-16T19:45:02.845Z,16,037-49739104,0916-194-4606,,null,https://randomuser.me/api/portraits/men/67.jpg,https://randomuser.me/api/portraits/med/men/67.jpg,https://randomuser.me/api/portraits/thumb/men/67.jpg,IR
male,Mr,Gus,Michielsen,9051,Groendalseweg,Tietjerk,Limburg,Netherlands,80017,2.0331,-173.4898,-4:00,"Atlantic Time (Canada), Caracas, La Paz",gus.michielsen@example.com,55793b3a-6f24-4402-b0ad-45a1c73a4a33,goldenkoala842,mann,JofWEObp,f56336ec703d78cec9cf27686e3aec77,ee84ac9c8e6b3d19037e5f6a98b02660d918a77c,89c3b3658e6ddf264e285ad9e3ca6870dc1c50f6f2140035984a1835f5fc1f39,1968-01-04T13:28:43.810Z,53,2002-07-18T11:23:01.770Z,19,(653)-110-7079,(466)-302-7638,BSN,09675535,https://randomuser.me/api/portraits/men/58.jpg,https://randomuser.me/api/portraits/med/men/58.jpg,https://randomuser.me/api/portraits/thumb/men/58.jpg,NL
female,Ms,Felicity,Mommers,8039,Kattevlaas,Oudkarspel,Zeeland,Netherlands,83389,52.0726,19.6058,+5:45,Kathmandu,felicity.mommers@example.com,5c3ccfd3-fc07-40a3-8b7d-e35951203dd7,angrywolf420,tripper,VIx7jbOd,8e7dfff6c9be0e5f4451979c378ca2d7,201c7244e619caa93e8a2221cc0e830e1b7dfefd,5618c4c544453464584ee072cb10ad8f70387635e0a4ac6067068f83c76d1ce3,1956-10-21T15:34:34.065Z,65,2009-01-23T01:48:21.648Z,12,(092)-481-6601,(178)-899-5930,BSN,26144954,https://randomuser.me/api/portraits/women/19.jpg,https://randomuser.me/api/portraits/med/women/19.jpg,https://randomuser.me/api/portraits/thumb/women/19.jpg,NL
male,Monsieur,Maxim,Gaillard,7149,Place de L'Église,Arbaz,Appenzell Ausserrhoden,Switzerland,1638,32.9814,-115.1625,-3:00,"Brazil, Buenos Aires, Georgetown",maxim.gaillard@example.com,068d390a-f6e4-4b0b-8db2-ae3e6c7e84a1,yellowelephant415,istanbul,JSMl7X4S,8402da5aa9ae4010f6584cb0d0fcf8bd,9c063ac841b05cea3a69dc331684a33d89cfd62c,e78eae9441335d398b1d574fa87294af956899dbb7b26007f0133f75c0e19733,1979-06-01T12:29:01.912Z,42,2012-02-20T11:32:32.538Z,9,075 294 99 96,079 896 10 25,AVS,756.2200.3910.46,https://randomuser.me/api/portraits/men/27.jpg,https://randomuser.me/api/portraits/med/men/27.jpg,https://randomuser.me/api/portraits/thumb/men/27.jpg,CH
male,Monsieur,Gian,Colin,2603,Rue Paul-Duvivier,Rüfenach,Glarus,Switzerland,9508,50.3673,-47.0136,+9:30,"Adelaide, Darwin",gian.colin@example.com,6f22f7fe-48ec-46d1-bef3-86134c693e76,greencat472,savage,YGEWoCRs,555b6c8750c6b97d4a839ed8b4d3b100,26e19a81eb0a181913b9f085c1ecc9a33512238c,93656a8b52df8b3ec120ab256228443831aaecc28b384a2013ed7b912d41c768,1971-11-28T14:04:48.285Z,50,2002-12-02T19:07:06.000Z,19,076 866 34 88,075 096 87 44,AVS,756.1135.4158.23,https://randomuser.me/api/portraits/men/49.jpg,https://randomuser.me/api/portraits/med/men/49.jpg,https://randomuser.me/api/portraits/thumb/men/49.jpg,CH
male,Mr,Landon,Payne,2420,W 6th St,Coffs Harbour,Australian Capital Territory,Australia,5348,46.2336,-24.8544,+4:00,"Abu Dhabi, Muscat, Baku, Tbilisi",landon.payne@example.com,c2b831ec-b8cd-4a87-8610-011a33a590cb,smallduck219,boxer,22nj3UUI,856d295bb3554f69835ccd1e3be8639f,06fea4fe3942ad951c4ad988489cfe7938200d7d,7a258892eb6c86b58423e31210e4720b9a19fe6648e338eaa6e1ed749a70023d,1963-05-17T08:44:08.255Z,58,2017-12-20T13:12:39.333Z,4,05-3092-1216,0490-470-131,TFN,754903042,https://randomuser.me/api/portraits/men/82.jpg,https://randomuser.me/api/portraits/med/men/82.jpg,https://randomuser.me/api/portraits/thumb/men/82.jpg,AU
male,Mr,مانی,صدر,9573,سپهبد قرنی,کرمانشاه,خوزستان,Iran,17953,-5.3358,128.1208,+10:00,"Eastern Australia, Guam, Vladivostok",mny.sdr@example.com,d0d4c3be-47b7-455c-bc58-c87782795896,greenbear579,janelle,hyPIEO20,aeeee1cec466f3fbabe92f848ab00e15,a81a23117ab90134d5ffef93ac9eb1982a527be3,d886213d7cc3f24691b131cb1e1fe5d1bd2a441a735f39cd3f877d08036413b0,1955-12-30T09:24:33.839Z,66,2005-03-01T20:22:53.329Z,16,095-99073794,0911-647-1663,,null,https://randomuser.me/api/portraits/men/26.jpg,https://randomuser.me/api/portraits/med/men/26.jpg,https://randomuser.me/api/portraits/thumb/men/26.jpg,IR
male,Mr,Marcus,Rice,4025,Walnut Hill Ln,Orange,South Australia,Australia,3213,-8.3627,-48.6306,+5:45,Kathmandu,marcus.rice@example.com,a600884a-d29c-4f3c-832b-5e77323ea661,angrykoala465,daddy,CnGL36aY,108aa124d7782066789e5183964a2e0e,2de80a6a0ee0e47a52e222534a2123781240270d,05c8df7117293ffc2a4263875aa7cdaa53f9867380ae5710c53fcc2ff8ae9c49,1983-02-02T23:56:35.015Z,38,2018-12-10T16:17:54.525Z,3,08-6946-4374,0409-361-098,TFN,468279720,https://randomuser.me/api/portraits/men/45.jpg,https://randomuser.me/api/portraits/med/men/45.jpg,https://randomuser.me/api/portraits/thumb/men/45.jpg,AU
male,Mr,Özkan,Alnıaçık,5699,Şehitler Cd,Denizli,Bitlis,Turkey,11438,45.2943,-8.0630,+9:00,"Tokyo, Seoul, Osaka, Sapporo, Yakutsk",ozkan.alniacik@example.com,6f029ddb-d6a0-428e-981a-db937d0537e4,purpleleopard625,pixies,DcwVAoYE,abc3cb0769cbd63f3f67f32e541d0e3d,2b15393cf0a237676ed0d17a3e390294bedcce34,0b36dc610823df000ac61cbd1c95ca3daac4fc1f91cdd54f2ec73dae081f0af7,1980-01-04T21:20:06.047Z,41,2010-10-07T22:34:04.883Z,11,(074)-789-0982,(781)-187-4598,,null,https://randomuser.me/api/portraits/men/5.jpg,https://randomuser.me/api/portraits/med/men/5.jpg,https://randomuser.me/api/portraits/thumb/men/5.jpg,TR
male,Mr,Samuel,Morris,2987,Symonds Street,Blenheim,Canterbury,New Zealand,55094,42.9989,-170.8425,+2:00,"Kaliningrad, South Africa",samuel.morris@example.com,3216d4e3-2893-4941-b2fc-90e5046bab94,brownlion637,dolphin1,9VipzXjp,e3b5238a9a5b10c18fe876b11f4b2fe4,490fcb561ab83ae6ac0f9bc992c63405bfb1648c,57b3875af26e4f41ffbb15fcdef628d261cadf220b89d44fdc79b57691431055,1960-10-28T06:14:00.635Z,61,2009-04-20T11:10:26.506Z,12,(799)-137-4829,(829)-176-9948,,null,https://randomuser.me/api/portraits/men/57.jpg,https://randomuser.me/api/portraits/med/men/57.jpg,https://randomuser.me/api/portraits/thumb/men/57.jpg,NZ
female,Mrs,Trudel,Kopp,4297,Gartenstraße,Achim,Sachsen,Germany,88549,-87.6739,138.9707,+5:30,"Bombay, Calcutta, Madras, New Delhi",trudel.kopp@example.com,ff39d337-7ca6-42ac-b23f-584960a152fc,tinymeercat440,natalie1,kdeupmA7,17e4824764500384aebb82791858df93,0ce73c548e7c75de7d95eabb4e441da587597f45,833040ac2c2dc87d4be137afb4a20e5ae01d398535bfdbf55894197a6ab8ae3d,1947-07-09T00:13:06.889Z,74,2006-04-28T01:58:30.894Z,15,0790-6821007,0170-1102284,,null,https://randomuser.me/api/portraits/women/59.jpg,https://randomuser.me/api/portraits/med/women/59.jpg,https://randomuser.me/api/portraits/thumb/women/59.jpg,DE
female,Miss,Konstanse,Jahnsen,666,Tokeruddalen,Mule,Description,Norway,7407,18.0956,9.5446,+11:00,"Magadan, Solomon Islands, New Caledonia",konstanse.jahnsen@example.com,0e00c156-9c8f-4921-b392-294a6427a623,organicbird323,klingon,b0KX79Gc,49453d2ffd46fc5839147949d6a53810,2deecd31cbafafe6994e71cc3fe48822aaf16542,12486195988f2752aa92da1f052e4b5e8a7ebd7727c8aaf14e8aad0d65d89393,1947-05-07T05:46:23.062Z,74,2008-07-10T17:45:39.649Z,13,56342722,99573531,FN,07054712299,https://randomuser.me/api/portraits/women/38.jpg,https://randomuser.me/api/portraits/med/women/38.jpg,https://randomuser.me/api/portraits/thumb/women/38.jpg,NO
male,Mr,Yorn,Doest,6719,Kokslaan,Nijeholtpade,Zuid-Holland,Netherlands,93750,67.5659,54.8607,-12:00,"Eniwetok, Kwajalein",yorn.doest@example.com,127f5692-915d-4bcf-b045-ebcad0f50351,silverbear139,yousuck,BJn6dshJ,161399ff4f3066a4a83b3ee85594becb,1fbb1abc808ada3433637cb3e4d949b1d2665c25,1a144c1fbeb578640ba05a7b103d90294cf6177a3f5c4473a3f05409b4c0d34d,1950-03-28T23:14:56.132Z,71,2013-06-29T17:58:25.995Z,8,(012)-081-9149,(182)-041-7762,BSN,85031344,https://randomuser.me/api/portraits/men/76.jpg,https://randomuser.me/api/portraits/med/men/76.jpg,https://randomuser.me/api/portraits/thumb/men/76.jpg,NL
male,Mr,Alexis,Park,7222,Grand Ave,Hudson,Manitoba,Canada,H4N 8P4,7.5923,-93.7402,+7:00,"Bangkok, Hanoi, Jakarta",alexis.park@example.com,2ecb2609-785a-4ba8-adec-a2a7d6643b6e,greenbutterfly905,niners,295z4tB5,718b4005a9edf3cbaadf4fd83593f56e,a4713c312abe7a2d33a6c1e61ff639a0fed2a810,06c479827dfe7a7dac9312357158a75a60156f60ad522f19abf0f2f625ffcd15,1971-09-30T15:21:37.934Z,50,2005-03-09T13:39:57.732Z,16,147-715-2374,008-544-9084,,null,https://randomuser.me/api/portraits/men/98.jpg,https://randomuser.me/api/portraits/med/men/98.jpg,https://randomuser.me/api/portraits/thumb/men/98.jpg,CA
female,Ms,Sema,Uithol,4214,Klein Klaasjestraat,Frieschepalen,Drenthe,Netherlands,87846,-82.4584,-130.5703,-8:00,Pacific Time (US & Canada),sema.uithol@example.com,b0a6385d-d8dd-4559-881d-322924fb9370,sadbear426,candyman,PvBwyrO7,9d89564936995bb1892c30e33791e2e7,5aa08bf88133668dc15bafb270454a706f8b7897,ad4cef08c5ffafb30a1f22d2179a56bb3d577f7a01f602d8c2621ff49df8b903,1948-09-06T09:41:43.432Z,73,2015-09-20T18:22:13.742Z,6,(560)-081-0515,(203)-329-5150,BSN,97868288,https://randomuser.me/api/portraits/women/71.jpg,https://randomuser.me/api/portraits/med/women/71.jpg,https://randomuser.me/api/portraits/thumb/women/71.jpg,NL
male,Mr,Jon,Smith,1254,Hunters Creek Dr,Oxnard,New York,United States,34772,-65.8683,160.7331,+2:00,"Kaliningrad, South Africa",jon.smith@example.com,bb9909ce-c815-44fe-8ebf-09a9c62d6a49,yellowlion350,robbie,6nnH4l3d,b5609dafa875a560b2bc36b70669611e,da426b121ad1627fffa4a128b3acf32c27fe15a0,ed918cca086aaa9dd9c83f90642ebfe19d17420d5725e4f76493b49daea01a19,1979-04-23T02:07:06.014Z,42,2004-06-12T10:48:22.554Z,17,(013)-332-9066,(029)-845-0373,SSN,892-22-2789,https://randomuser.me/api/portraits/men/94.jpg,https://randomuser.me/api/portraits/med/men/94.jpg,https://randomuser.me/api/portraits/thumb/men/94.jpg,US
male,Mr,Esteban,Calvo,2158,Calle del Arenal,La Palma,Castilla y León,Spain,71291,-25.8994,-71.9264,+8:00,"Beijing, Perth, Singapore, Hong Kong",esteban.calvo@example.com,ae984299-c632-4148-8524-d1785efa3faf,redmeercat732,peeper,wIwZOdlA,b810b86598cb28cadfd5e0b3fe86e9b6,d9ef052dffdefb915164ab6307187671a276013a,3ecfcc0983531368f00116ea9fd29d31c8c15163145b3e9e7b33744241ea4e1b,1967-10-07T19:45:00.587Z,54,2010-05-19T15:20:07.212Z,11,914-434-793,643-168-721,DNI,82049926-V,https://randomuser.me/api/portraits/men/12.jpg,https://randomuser.me/api/portraits/med/men/12.jpg,https://randomuser.me/api/portraits/thumb/men/12.jpg,ES
female,Mrs,Cecilie,Jensen,5130,Frilandsvej,Lemvig,Danmark,Denmark,79343,-70.2525,26.0854,+4:30,Kabul,cecilie.jensen@example.com,d4cf1239-59a6-44a6-a894-3bef6afbed68,angrysnake701,city,DQxMifuY,123bc5c763f341e40da26be786a3dfa3,84dc6a6607dc8e4c7b0bd0af178e6544c3dc1095,5051549c159b37493284cd625a329ccf2a25a894e202a645b3d2612c433a1687,1973-06-04T03:37:48.028Z,48,2014-02-26T15:46:26.442Z,7,30266921,52739694,CPR,040673-9478,https://randomuser.me/api/portraits/women/63.jpg,https://randomuser.me/api/portraits/med/women/63.jpg,https://randomuser.me/api/portraits/thumb/women/63.jpg,DK
male,Mr,Phillip,Bowman,7139,Ranchview Dr,Everett,Georgia,United States,88507,-46.1068,115.1620,+9:30,"Adelaide, Darwin",phillip.bowman@example.com,d8ba74b9-0c95-4dd0-966c-c2c1c053e519,sadbird193,luck,72WpEPZC,f38ef30773464fcce825860b79c86d26,0ac5f8b7566fd5f90b787c1920914073d0a05624,7aecb08ac47cc90c113c13757217b896bad39d3b0335e57a477d39429764717d,1966-04-06T18:54:09.528Z,55,2012-06-10T17:30:38.561Z,9,(953)-877-1419,(016)-000-8200,SSN,394-31-8393,https://randomuser.me/api/portraits/men/77.jpg,https://randomuser.me/api/portraits/med/men/77.jpg,https://randomuser.me/api/portraits/thumb/men/77.jpg,US
male,Mr,Urbino,Jesus,6869,Rua Doze ,Coronel Fabriciano,Amapá,Brazil,41082,-17.3981,5.5962,-10:00,Hawaii,urbino.jesus@example.com,a757f155-e007-4a49-8ffe-5b4a2938140d,browncat292,republic,Akpx1AG3,27cd601bd29205130f8cfb8a8f1d7b44,97abc6daf91ec00478074f55a58e81c3bad69fe3,652f75c451865a64de43285610d35eb58171894d2ad8e5a419aab70461189397,1946-11-27T05:10:15.136Z,75,2011-02-16T21:40:18.723Z,10,(45) 0700-2343,(43) 3395-6561,,null,https://randomuser.me/api/portraits/men/91.jpg,https://randomuser.me/api/portraits/med/men/91.jpg,https://randomuser.me/api/portraits/thumb/men/91.jpg,BR
male,Mr,Basile,Gonzalez,228,Avenue des Ternes,Limoges,Ain,France,90045,56.9155,19.6728,+6:00,"Almaty, Dhaka, Colombo",basile.gonzalez@example.com,6fd1f834-b5c5-47bd-a7d7-13111ccd4356,organicswan588,health,4L9JVtzj,ed67587c36437e89779c66897089b4b1,9d780b8487e0d5771e1134b9eb50d14aa3afff3e,b898df7ef8ad519b299c82a6b53193bcf1774dc14e7419e94a43a5e73a19cf38,1966-10-22T23:50:39.160Z,55,2016-11-17T06:58:30.057Z,5,04-69-33-59-87,06-24-85-31-74,INSEE,1NNaN73634251 74,https://randomuser.me/api/portraits/men/43.jpg,https://randomuser.me/api/portraits/med/men/43.jpg,https://randomuser.me/api/portraits/thumb/men/43.jpg,FR
male,Mr,Jordan,Douglas,7561,Sunset St,Minneapolis,West Virginia,United States,39417,89.5917,154.6341,+4:00,"Abu Dhabi, Muscat, Baku, Tbilisi",jordan.douglas@example.com,38430ca5-3225-4dc1-b8a3-671ab1a8026d,goldenkoala389,rasta,EbY1Lk1J,2ee36f890f434f59b65a30a350f3f3a0,c0d942201f0b52f4ab217dd0a0355e997be66ea9,08c8974bea6daf8fbba4e681887f3e969f031d2890d303a7129e1621d2a43188,1984-05-08T11:50:00.249Z,37,2015-05-28T21:58:25.262Z,6,(708)-056-7016,(968)-481-8866,SSN,449-18-5690,https://randomuser.me/api/portraits/men/95.jpg,https://randomuser.me/api/portraits/med/men/95.jpg,https://randomuser.me/api/portraits/thumb/men/95.jpg,US
female,Ms,Emma,Hansen,156,Havbakken,Askeby,Nordjylland,Denmark,19380,85.3274,-0.2542,+9:30,"Adelaide, Darwin",emma.hansen@example.com,2d77d431-6b35-4431-a863-fef13fa3a736,bigtiger919,plum,i8CRtxeQ,89025868d0164762ee923d36605cd6e6,7c43024840e803a08fc0d46705f5b64c66e6907e,9019a2b8c644e541280b5f2b23cccb44b3bbe3fcea8f998dc50c0353bf7a78db,1978-01-15T09:02:28.534Z,43,2008-10-01T06:25:57.937Z,13,58953311,60095259,CPR,150178-1696,https://randomuser.me/api/portraits/women/32.jpg,https://randomuser.me/api/portraits/med/women/32.jpg,https://randomuser.me/api/portraits/thumb/women/32.jpg,DK
female,Ms,Irmengard,Schimanski,5881,Raiffeisenstraße,Künzelsau,Brandenburg,Germany,96837,-20.8214,-158.5087,+10:00,"Eastern Australia, Guam, Vladivostok",irmengard.schimanski@example.com,a25a1679-c13c-4bf0-bae0-71257872c633,lazyrabbit103,soccer10,W7dFmZjC,3f908b6b33a18a47549e067cdda2ec24,1adfb0cb112ddc95fa183514b1a8d556ec989e02,e9b754af1af9e229fbd4ac6c3130f515f0c0ed98d814893ce624c0adc796ddd9,1997-08-26T18:24:10.672Z,24,2008-11-11T01:40:46.751Z,13,0604-3842311,0178-1908879,,null,https://randomuser.me/api/portraits/women/44.jpg,https://randomuser.me/api/portraits/med/women/44.jpg,https://randomuser.me/api/portraits/thumb/women/44.jpg,DE
male,Mr,Fabio,Clerx,9516,Cleopatradreef,Dearsum,Drenthe,Netherlands,56637,38.6796,-127.8946,-1:00,"Azores, Cape Verde Islands",fabio.clerx@example.com,6b826c4a-9bb4-493d-aeb8-3f1eb6c7e33f,bigcat451,adam25,9elkazKr,4aa972cd8db96cd52050497d451a4fb3,b0f747bf3d9d65de666dfc0f99d032e4e595e016,7086b4e82fc240e9ff210e1fb70200c6e1404ad7e4f7d63cdf086f16f2b41a84,1962-07-01T08:58:13.942Z,59,2010-07-22T14:55:36.024Z,11,(313)-511-4750,(257)-193-4436,BSN,59949213,https://randomuser.me/api/portraits/men/73.jpg,https://randomuser.me/api/portraits/med/men/73.jpg,https://randomuser.me/api/portraits/thumb/men/73.jpg,NL
female,Ms,Sylvia,Mitchelle,7365,Rolling Green Rd,Brisbane,Northern Territory,Australia,393,-81.4055,-66.0827,+2:00,"Kaliningrad, South Africa",sylvia.mitchelle@example.com,79919c19-1c5a-471a-bfda-9ba7c047cb07,bluemeercat770,casey,P8z7yzjy,3a4bbd68b691de44efac15881c03117e,617dd70384b1c184b7f3981bd500175444597467,a3f21f1f8cee1e82181a5d08896ec4c78889b573f2d4293bd2cc19366d547b00,1951-12-28T20:27:46.674Z,70,2007-01-21T22:29:20.620Z,14,03-6301-0005,0411-591-425,TFN,328159577,https://randomuser.me/api/portraits/women/52.jpg,https://randomuser.me/api/portraits/med/women/52.jpg,https://randomuser.me/api/portraits/thumb/women/52.jpg,AU
female,Mrs,Filippa,Møller,4984,Huginsvej,Skaerbaek,Midtjylland,Denmark,92608,-78.1483,20.2947,-3:00,"Brazil, Buenos Aires, Georgetown",filippa.moller@example.com,61da3644-3c6d-4c43-b095-bb466301b692,heavyfrog851,colors,7h3IPent,81c986821f0743710fc1d6c381594d49,d89b4915b9191af6e57c12bfab2c2ac96ae3af4d,fea2a5d8c6c4b299a2bf73f83cc604ec1462eb8b8b5567e60d9b85239379056a,1958-09-22T04:09:42.498Z,63,2002-12-08T17:59:52.871Z,19,77438650,41046849,CPR,220958-8330,https://randomuser.me/api/portraits/women/44.jpg,https://randomuser.me/api/portraits/med/women/44.jpg,https://randomuser.me/api/portraits/thumb/women/44.jpg,DK
male,Mr,Tiemo,Fleer,428,Konijnenkamp,Graft,Noord-Holland,Netherlands,12755,-69.8955,-91.9025,-2:00,Mid-Atlantic,tiemo.fleer@example.com,df83dd65-730f-47a7-8e29-f07c4037739c,blueleopard405,sundance,2gphcwEF,8248d0374acd120f674e416baf3edaca,e82fef5eb0f2a193d33e7f25688bf5a11cc0cb0e,140773cf697fe2574f8c0bf3ea4918e58e4b37d944fd9c60ba4740892517455c,1951-06-01T19:01:16.541Z,70,2003-10-15T16:53:14.743Z,18,(112)-316-7957,(647)-405-8223,BSN,17593603,https://randomuser.me/api/portraits/men/60.jpg,https://randomuser.me/api/portraits/med/men/60.jpg,https://randomuser.me/api/portraits/thumb/men/60.jpg,NL
female,Madame,Doris,Lecomte,6696,Rue Gasparin,Agarn,St. Gallen,Switzerland,3352,77.3091,33.9634,-11:00,"Midway Island, Samoa",doris.lecomte@example.com,1babdcd3-d83f-4b0e-a867-bf5dbab41538,brownkoala634,kirsten,vl0XK4yn,9f538305bfa7421220731e328306d5f5,94408e4332973ca41fbf594eee2a1d94648dbf55,ae56a03cb8d9723adc90468907b9f4daac11ebfdebfd87b0ce3aa580ba867138,1959-03-14T06:42:08.100Z,62,2012-09-02T06:56:25.122Z,9,077 704 37 06,076 850 30 51,AVS,756.3333.5822.77,https://randomuser.me/api/portraits/women/34.jpg,https://randomuser.me/api/portraits/med/women/34.jpg,https://randomuser.me/api/portraits/thumb/women/34.jpg,CH
female,Miss,Florence,Côté,7049,Victoria Ave,Lafontaine,Ontario,Canada,B4G 7S9,-46.0286,-122.2924,-2:00,Mid-Atlantic,florence.cote@example.com,e63d2bf7-f357-4a22-8b4e-ffbc4147c893,yellowbear954,656565,3WlVW3wH,1613849788606496a302e0842436e8ec,f4693a327b438f3fdec7f161a85d8ed06a9cd146,b8cc50db99f613df7b2416b643d78446ee07d964af0c90c9af07019e5d0c262a,1945-04-14T14:42:46.388Z,76,2007-03-26T11:26:45.777Z,14,202-033-7856,579-008-8190,,null,https://randomuser.me/api/portraits/women/37.jpg,https://randomuser.me/api/portraits/med/women/37.jpg,https://randomuser.me/api/portraits/thumb/women/37.jpg,CA