date,user,is_retweet,is_quote,text,quoted_text
2020-11-07 16:58:37,moonalisss,True,False,RT @KamalaHarris: This election is about so much more than @JoeBiden or me. It‚Äôs about the soul of America and our willingness to fight for‚Ä¶,
2020-11-07 16:58:37,jcblawfirm,True,False,RT @KamalaHarris: This election is about so much more than @JoeBiden or me. It‚Äôs about the soul of America and our willingness to fight for‚Ä¶,
2020-11-07 16:58:37,FhilipGreen,False,False,@AlexMacca01 You don't get the result ratified for 45 days after every us election but didn't crow about the other results. The media have called it not chosen the winner. Pop back to bed,
2020-11-07 16:58:37,rammerjam,True,False,RT @KamalaHarris: This election is about so much more than @JoeBiden or me. It‚Äôs about the soul of America and our willingness to fight for‚Ä¶,
2020-11-07 16:58:37,msclownfish,True,False,RT @KamalaHarris: This election is about so much more than @JoeBiden or me. It‚Äôs about the soul of America and our willingness to fight for‚Ä¶,
2020-11-07 16:58:37,AmyReneeHaines,True,False,RT @KamalaHarris: This election is about so much more than @JoeBiden or me. It‚Äôs about the soul of America and our willingness to fight for‚Ä¶,
2020-11-07 16:58:37,lettersfrm,True,False,RT @KamalaHarris: This election is about so much more than @JoeBiden or me. It‚Äôs about the soul of America and our willingness to fight for‚Ä¶,
2020-11-07 16:58:37,aag_asf,True,False,RT @KamalaHarris: This election is about so much more than @JoeBiden or me. It‚Äôs about the soul of America and our willingness to fight for‚Ä¶,
2020-11-07 16:58:37,ThomasJ_,True,False,RT @KamalaHarris: This election is about so much more than @JoeBiden or me. It‚Äôs about the soul of America and our willingness to fight for‚Ä¶,
2020-11-07 16:58:37,nubsrue11,True,False,RT @KamalaHarris: This election is about so much more than @JoeBiden or me. It‚Äôs about the soul of America and our willingness to fight for‚Ä¶,
2020-11-07 16:58:37,jason_vitulli,False,True,@EricTrump,If you're burning the midnight oil &amp; want an excellent brief overview of U.S. voting systems, such as Dominion, Election Systems &amp; Software, Hart Intercivic &amp; Smartmatic, I highly recommend this informative &amp; balanced article from a European publication: https://t.co/kYQVOuup4m
2020-11-07 16:58:37,CindyKershaw3,False,False,Totally ruined the election system. I‚Äôll never trust it again.The fix was in when they forced the mail in voting.Never did that on this scale so it could be easily frauded .Media is so bias and corrupt and failed us https://t.co/LCUY0rfjDr do they look themselves in the mirror?!,
2020-11-07 16:58:37,unusualevie,True,False,RT @swifferstruggle: europeans: the us election is so confusing

also europeans: https://t.co/41c2YSnttv,
2020-11-07 16:58:37,aleflora,True,False,RT @KamalaHarris: This election is about so much more than @JoeBiden or me. It‚Äôs about the soul of America and our willingness to fight for‚Ä¶,
2020-11-07 16:58:36,gav6times,False,True,Thank you Madam VP elect and congratulations on a great campaign.,This election is about so much more than @JoeBiden or me. It‚Äôs about the soul of America and our willingness to fight for it. We have a lot of work ahead of us. Let‚Äôs get started.
https://t.co/Bb9JZpggLN
2020-11-07 16:58:37,Cah04_,True,False,RT @KamalaHarris: This election is about so much more than @JoeBiden or me. It‚Äôs about the soul of America and our willingness to fight for‚Ä¶,
2020-11-07 16:58:37,KYFriedComrade,False,False,@Wagface https://t.co/Gqq2s3R4eo,
2020-11-07 16:58:37,mikhaele_ible,True,False,RT @KamalaHarris: This election is about so much more than @JoeBiden or me. It‚Äôs about the soul of America and our willingness to fight for‚Ä¶,
2020-11-07 16:58:37,SraHunt13,False,True,First woman and African American!,This election is about so much more than @JoeBiden or me. It‚Äôs about the soul of America and our willingness to fight for it. We have a lot of work ahead of us. Let‚Äôs get started.
https://t.co/Bb9JZpggLN
2020-11-07 16:58:37,legallystreep,True,False,RT @KamalaHarris: This election is about so much more than @JoeBiden or me. It‚Äôs about the soul of America and our willingness to fight for‚Ä¶,
2020-11-07 16:58:37,mutuceo,True,False,RT @KamalaHarris: This election is about so much more than @JoeBiden or me. It‚Äôs about the soul of America and our willingness to fight for‚Ä¶,
2020-11-07 16:58:37,sjburke30349,True,False,RT @KamalaHarris: This election is about so much more than @JoeBiden or me. It‚Äôs about the soul of America and our willingness to fight for‚Ä¶,
2020-11-07 16:58:37,RoxanaSato,True,False,RT @KamalaHarris: This election is about so much more than @JoeBiden or me. It‚Äôs about the soul of America and our willingness to fight for‚Ä¶,
2020-11-07 16:58:37,reileyelisabeth,True,False,RT @KamalaHarris: This election is about so much more than @JoeBiden or me. It‚Äôs about the soul of America and our willingness to fight for‚Ä¶,
2020-11-07 16:58:37,antoalliende_,True,False,RT @KamalaHarris: This election is about so much more than @JoeBiden or me. It‚Äôs about the soul of America and our willingness to fight for‚Ä¶,
2020-11-07 16:58:37,methaddiction,True,False,RT @KamalaHarris: This election is about so much more than @JoeBiden or me. It‚Äôs about the soul of America and our willingness to fight for‚Ä¶,
2020-11-07 16:58:37,nastygraneey,True,False,RT @RepVernonJones: Mr. President, We know how much you love Georgia and Georgians love you too. We are converging on the State Capitol at‚Ä¶,
2020-11-07 16:58:37,Josegzza,True,False,RT @HKrassenstein: BREAKING:  Van Jones just completely breaks down talking about Joe Biden winning the election.  Every American must watc‚Ä¶,
2020-11-07 16:58:37,Bartosz99489671,False,True,well done!,This election is about so much more than @JoeBiden or me. It‚Äôs about the soul of America and our willingness to fight for it. We have a lot of work ahead of us. Let‚Äôs get started.
https://t.co/Bb9JZpggLN
2020-11-07 16:58:37,RhimiiH,True,False,RT @KamalaHarris: This election is about so much more than @JoeBiden or me. It‚Äôs about the soul of America and our willingness to fight for‚Ä¶,
2020-11-07 16:58:37,daniellefev29,True,False,RT @KamalaHarris: This election is about so much more than @JoeBiden or me. It‚Äôs about the soul of America and our willingness to fight for‚Ä¶,
2020-11-07 16:58:37,BridgetteAreva2,True,False,RT @KamalaHarris: This election is about so much more than @JoeBiden or me. It‚Äôs about the soul of America and our willingness to fight for‚Ä¶,
2020-11-07 16:58:37,NaniCordv,False,True,‚ÄºÔ∏è,This election is about so much more than @JoeBiden or me. It‚Äôs about the soul of America and our willingness to fight for it. We have a lot of work ahead of us. Let‚Äôs get started.
https://t.co/Bb9JZpggLN
2020-11-07 16:58:37,AuntiePal06,True,False,RT @lindsaycrouse: ‚ÄúShe will be the first woman, the first Black woman, the first Indian-American woman and the first daughter of immigrant‚Ä¶,
2020-11-07 16:58:37,T_Hud1986,True,False,RT @KamalaHarris: This election is about so much more than @JoeBiden or me. It‚Äôs about the soul of America and our willingness to fight for‚Ä¶,
2020-11-07 16:58:37,FallingAway9,True,False,RT @KamalaHarris: This election is about so much more than @JoeBiden or me. It‚Äôs about the soul of America and our willingness to fight for‚Ä¶,
2020-11-07 16:58:37,OlulankeSimi,True,False,RT @KamalaHarris: This election is about so much more than @JoeBiden or me. It‚Äôs about the soul of America and our willingness to fight for‚Ä¶,
2020-11-07 16:58:37,airibar,False,True,El v√≠deo y todo,This election is about so much more than @JoeBiden or me. It‚Äôs about the soul of America and our willingness to fight for it. We have a lot of work ahead of us. Let‚Äôs get started.
https://t.co/Bb9JZpggLN
2020-11-07 16:58:37,stuck333,True,False,RT @BBCBreaking: Joe Biden wins US presidential election

BBC projects he‚Äôs secured enough electoral college votes to defeat Donald Trump‚Ä¶,
2020-11-07 16:58:37,Deb_Wanders,False,True,‚ù§Ô∏è‚ù§Ô∏è‚ù§Ô∏è,This election is about so much more than @JoeBiden or me. It‚Äôs about the soul of America and our willingness to fight for it. We have a lot of work ahead of us. Let‚Äôs get started.
https://t.co/Bb9JZpggLN
2020-11-07 16:58:37,algarianna,True,False,RT @KamalaHarris: This election is about so much more than @JoeBiden or me. It‚Äôs about the soul of America and our willingness to fight for‚Ä¶,
2020-11-07 16:58:37,mtarheel12,True,False,RT @KamalaHarris: This election is about so much more than @JoeBiden or me. It‚Äôs about the soul of America and our willingness to fight for‚Ä¶,
2020-11-07 16:58:37,DianeMarieAmann,True,False,RT @KamalaHarris: This election is about so much more than @JoeBiden or me. It‚Äôs about the soul of America and our willingness to fight for‚Ä¶,
2020-11-07 16:58:37,EstaticFearFAN,True,False,RT @KamalaHarris: This election is about so much more than @JoeBiden or me. It‚Äôs about the soul of America and our willingness to fight for‚Ä¶,
2020-11-07 16:58:37,globomente,True,False,RT @KamalaHarris: This election is about so much more than @JoeBiden or me. It‚Äôs about the soul of America and our willingness to fight for‚Ä¶,
2020-11-07 16:58:37,RosaliAngel,True,False,RT @KamalaHarris: This election is about so much more than @JoeBiden or me. It‚Äôs about the soul of America and our willingness to fight for‚Ä¶,
2020-11-07 16:58:37,MissSop46563131,True,False,RT @Enigma_Fleur: https://t.co/jHK9dVEsU7

Was??? Ehrlich? Ist es jetzt sicher? Darf man sich endlich freuen?!? üòçüòçüòç,
2020-11-07 16:58:37,pqpercrown,True,False,RT @KamalaHarris: This election is about so much more than @JoeBiden or me. It‚Äôs about the soul of America and our willingness to fight for‚Ä¶,
2020-11-07 16:58:37,RogerPa37808888,True,True,RT @LorimarieWillis: COME ON JOHN LEWIS THROW US SOME MORE GOOD TROUBLE FROM UP IN HEAVEN üôèüèªüôèüèªüôèüèªüåäüåäüåäüåäüåäüåä,On election day, Georgia honored former Georgia Rep. John Lewis by showing up to the polls and voting for @JoeBiden. I know he's looking down from above with a smile. Rest in power!  https://t.co/IiKcByD57v
2020-11-07 16:58:37,donna132sd,True,False,RT @KamalaHarris: This election is about so much more than @JoeBiden or me. It‚Äôs about the soul of America and our willingness to fight for‚Ä¶,
2020-11-07 16:58:37,ryeisenberg,True,False,RT @voxdotcom: President-elect Joe Biden will enter the White House with the most experience in public service of any chief executive in US‚Ä¶,
2020-11-07 16:58:37,HuddaSaafi,True,False,RT @KamalaHarris: This election is about so much more than @JoeBiden or me. It‚Äôs about the soul of America and our willingness to fight for‚Ä¶,
2020-11-07 16:58:37,layithk76,True,True,RT @Marechtare1: This!! https://t.co/fK229qjR3F,The same media that ran the Russia hoax, ran the suppression polls, and refuses to investigate the #BidenCrimeFamily now tries to call a US election. they have zero authority. #Bidenisnotmypresident https://t.co/xrN27V6lCr
2020-11-07 16:58:37,vella_hai,True,False,RT @sagarcasm: US election summary https://t.co/2Z5yWz4dBD,
2020-11-07 16:58:37,dakuwithchaku,True,False,RT @htTweets: #USAelection2020 | Indian-American Kamala Harris becomes first Black woman elected US vice president

https://t.co/Dm1IAqbWdF‚Ä¶,
2020-11-07 16:58:37,Cindyyyyy48,True,False,RT @KamalaHarris: This election is about so much more than @JoeBiden or me. It‚Äôs about the soul of America and our willingness to fight for‚Ä¶,
2020-11-07 16:58:37,maxmann007,False,True,Congratulations Vice President Harris.,This election is about so much more than @JoeBiden or me. It‚Äôs about the soul of America and our willingness to fight for it. We have a lot of work ahead of us. Let‚Äôs get started.
https://t.co/Bb9JZpggLN
2020-11-07 16:58:37,hozeevuh,False,True,‚ù§Ô∏è,This election is about so much more than @JoeBiden or me. It‚Äôs about the soul of America and our willingness to fight for it. We have a lot of work ahead of us. Let‚Äôs get started.
https://t.co/Bb9JZpggLN
2020-11-07 16:58:37,craig_ancestor,True,False,RT @KamalaHarris: This election is about so much more than @JoeBiden or me. It‚Äôs about the soul of America and our willingness to fight for‚Ä¶,
2020-11-07 16:58:37,travisdafish,True,False,RT @KamalaHarris: This election is about so much more than @JoeBiden or me. It‚Äôs about the soul of America and our willingness to fight for‚Ä¶,
2020-11-07 16:58:37,MamalovesMaui,True,False,RT @KamalaHarris: This election is about so much more than @JoeBiden or me. It‚Äôs about the soul of America and our willingness to fight for‚Ä¶,
2020-11-07 16:58:37,AngelShTuSabes,True,False,RT @KamalaHarris: This election is about so much more than @JoeBiden or me. It‚Äôs about the soul of America and our willingness to fight for‚Ä¶,
2020-11-07 16:58:37,BayleeRose02,True,False,RT @KamalaHarris: This election is about so much more than @JoeBiden or me. It‚Äôs about the soul of America and our willingness to fight for‚Ä¶,
2020-11-07 16:58:37,DanWaugh,True,False,RT @KamalaHarris: This election is about so much more than @JoeBiden or me. It‚Äôs about the soul of America and our willingness to fight for‚Ä¶,
2020-11-07 16:58:37,magali_brunel83,True,False,RT @faureolivier: ü•Çüçæüá∫üá∏üëè the nightmare is over! Sans attendre de miracles esp√©rons que l‚Äô√©lection de #Biden ouvre vite un nouveau cycle dans‚Ä¶,
2020-11-07 16:58:37,SJSMITH2018,False,False,BBC News - US Election 2020: Joe Biden wins the presidency
https://t.co/kI4lRHiPM5,
2020-11-07 16:58:37,theAbidoye,True,False,RT @KamalaHarris: This election is about so much more than @JoeBiden or me. It‚Äôs about the soul of America and our willingness to fight for‚Ä¶,
2020-11-07 16:58:37,Wordwiccan,True,False,RT @BylineTimes: ‚ñ∂Ô∏èUS Election 2020: Competence is Not the Perfect Antidote to Authoritarian Populism 

@mdbuckley argues that those concer‚Ä¶,
2020-11-07 16:58:37,namssas,True,False,RT @KamalaHarris: This election is about so much more than @JoeBiden or me. It‚Äôs about the soul of America and our willingness to fight for‚Ä¶,
2020-11-07 16:58:37,xysist,False,False,https://t.co/yZMLTCCfsU,
2020-11-07 16:58:37,Blaster_45,True,False,RT @KaitMarieox: If Democrats can't follow simple election laws and court orders, then why are we still following these stupid mask mandate‚Ä¶,
2020-11-07 16:58:37,murraymom4,True,False,RT @KamalaHarris: This election is about so much more than @JoeBiden or me. It‚Äôs about the soul of America and our willingness to fight for‚Ä¶,
2020-11-07 16:58:37,_thefinesser,True,False,RT @KamalaHarris: This election is about so much more than @JoeBiden or me. It‚Äôs about the soul of America and our willingness to fight for‚Ä¶,
2020-11-07 16:58:37,lindaathena1,True,False,RT @KamalaHarris: This election is about so much more than @JoeBiden or me. It‚Äôs about the soul of America and our willingness to fight for‚Ä¶,
2020-11-07 16:58:38,OsmundoFerreira,True,False,RT @allanldsantos: US Election Problems Mirror Vote Rigging In Latin America

https://t.co/us83ORagj8,
2020-11-07 16:58:38,Cmbabu18,True,False,RT @KamalaHarris: This election is about so much more than @JoeBiden or me. It‚Äôs about the soul of America and our willingness to fight for‚Ä¶,
2020-11-07 16:58:38,SIRTAPSCOTT,True,False,RT @KamalaHarris: This election is about so much more than @JoeBiden or me. It‚Äôs about the soul of America and our willingness to fight for‚Ä¶,
2020-11-07 16:58:37,garethglynn,False,False,#shedatear (NOT) https://t.co/aE4P3S2fZp,
2020-11-07 16:58:38,AslanianAA,True,False,RT @KamalaHarris: This election is about so much more than @JoeBiden or me. It‚Äôs about the soul of America and our willingness to fight for‚Ä¶,
2020-11-07 16:58:38,reginaw50361,True,False,RT @KamalaHarris: This election is about so much more than @JoeBiden or me. It‚Äôs about the soul of America and our willingness to fight for‚Ä¶,
2020-11-07 16:58:38,amandinec_grgs,True,False,RT @KamalaHarris: This election is about so much more than @JoeBiden or me. It‚Äôs about the soul of America and our willingness to fight for‚Ä¶,
2020-11-07 16:58:38,luaflume,True,False,RT @KamalaHarris: This election is about so much more than @JoeBiden or me. It‚Äôs about the soul of America and our willingness to fight for‚Ä¶,
2020-11-07 16:58:38,MontijoWilmarie,True,False,RT @KamalaHarris: This election is about so much more than @JoeBiden or me. It‚Äôs about the soul of America and our willingness to fight for‚Ä¶,
2020-11-07 16:58:38,tekicia3000,True,False,RT @KamalaHarris: This election is about so much more than @JoeBiden or me. It‚Äôs about the soul of America and our willingness to fight for‚Ä¶,
2020-11-07 16:58:38,Bojana,False,True,Za mene je ovo zaista iznenaƒëenje, naravno, pozitivno.,Joe Biden wins US presidential election

BBC projects he‚Äôs secured enough electoral college votes to defeat Donald Trump

#Election2020 https://t.co/mQVd59vCnl https://t.co/MpsmLGDZoO
2020-11-07 16:58:38,ARSudhanva,True,False,RT @republic: US elections LIVE: Joe Biden elected President, Harris makes history as first female VP

https://t.co/q6HCfQaxdm,
2020-11-07 16:58:38,Kenya_Gray02,True,False,RT @BBCBreaking: Joe Biden wins US presidential election

BBC projects he‚Äôs secured enough electoral college votes to defeat Donald Trump‚Ä¶,
2020-11-07 16:58:38,jchristineb,True,False,RT @KamalaHarris: This election is about so much more than @JoeBiden or me. It‚Äôs about the soul of America and our willingness to fight for‚Ä¶,
2020-11-07 16:58:38,MJCoad,True,False,RT @KamalaHarris: This election is about so much more than @JoeBiden or me. It‚Äôs about the soul of America and our willingness to fight for‚Ä¶,
2020-11-07 16:58:38,sophiexwhite,True,False,RT @KamalaHarris: This election is about so much more than @JoeBiden or me. It‚Äôs about the soul of America and our willingness to fight for‚Ä¶,
2020-11-07 16:58:38,Tari_jeph,True,False,RT @KamalaHarris: This election is about so much more than @JoeBiden or me. It‚Äôs about the soul of America and our willingness to fight for‚Ä¶,
2020-11-07 16:58:38,romididi,True,False,RT @KamalaHarris: This election is about so much more than @JoeBiden or me. It‚Äôs about the soul of America and our willingness to fight for‚Ä¶,
2020-11-07 16:58:38,lizcook30,True,False,RT @KamalaHarris: This election is about so much more than @JoeBiden or me. It‚Äôs about the soul of America and our willingness to fight for‚Ä¶,
2020-11-07 16:58:38,abigail30022215,True,False,RT @KamalaHarris: This election is about so much more than @JoeBiden or me. It‚Äôs about the soul of America and our willingness to fight for‚Ä¶,
2020-11-07 16:58:38,24_Cristina_R,True,False,RT @KamalaHarris: This election is about so much more than @JoeBiden or me. It‚Äôs about the soul of America and our willingness to fight for‚Ä¶,
2020-11-07 16:58:38,cathy_brooks62,True,False,RT @KamalaHarris: This election is about so much more than @JoeBiden or me. It‚Äôs about the soul of America and our willingness to fight for‚Ä¶,
2020-11-07 16:58:38,67ReppM,True,False,RT @KamalaHarris: This election is about so much more than @JoeBiden or me. It‚Äôs about the soul of America and our willingness to fight for‚Ä¶,
2020-11-07 16:58:38,imallie_x0,False,False,@ArianaGrande @JoeBiden @KamalaHarris @ArianaGrande thank you for motivating and encouraging us young adults to help make history in this election! We couldn‚Äôt have done this without you üíôüéâ,
2020-11-07 16:58:38,hidingfromlibs,True,False,RT @RepVernonJones: Mr. President, We know how much you love Georgia and Georgians love you too. We are converging on the State Capitol at‚Ä¶,
2020-11-07 16:58:38,K_Dogg59,True,False,RT @JTBrown23: Black folx, y‚Äôall showed up in Atlanta, Detroit, Milwaukee, Philadelphia, and others for this country (despite voter suppres‚Ä¶,
2020-11-07 16:58:38,Keith1Bell,True,False,RT @RyanAFournier: The same people who believed Jussie Smollett are telling us there was no election fraud.,
2020-11-07 16:58:38,YaGirlBoo2,False,True,LETS GOOOOOüòÜ,This election is about so much more than @JoeBiden or me. It‚Äôs about the soul of America and our willingness to fight for it. We have a lot of work ahead of us. Let‚Äôs get started.
https://t.co/Bb9JZpggLN
2020-11-07 16:58:38,Rahul1995Pandey,True,False,RT @KamalaHarris: This election is about so much more than @JoeBiden or me. It‚Äôs about the soul of America and our willingness to fight for‚Ä¶,
2020-11-07 16:58:38,saleemkhan,True,False,RT @guardian: Joe Biden wins US election after four tumultuous years of Trump presidency https://t.co/dmZ8z7I3Sg,
2020-11-07 16:58:38,ryan_hughes05,True,False,RT @KamalaHarris: This election is about so much more than @JoeBiden or me. It‚Äôs about the soul of America and our willingness to fight for‚Ä¶,
2020-11-07 16:58:38,Bisa715,True,False,RT @KamalaHarris: This election is about so much more than @JoeBiden or me. It‚Äôs about the soul of America and our willingness to fight for‚Ä¶,
2020-11-07 16:58:38,tiffytx927,True,False,RT @TrendingRaps: BREAKING: Joe Biden has won the US presidential election https://t.co/Hfqbu7VU4n,
2020-11-07 16:58:38,arvindm4x,True,False,RT @KamalaHarris: This election is about so much more than @JoeBiden or me. It‚Äôs about the soul of America and our willingness to fight for‚Ä¶,
2020-11-07 16:58:38,hamstrosity,True,False,RT @KamalaHarris: This election is about so much more than @JoeBiden or me. It‚Äôs about the soul of America and our willingness to fight for‚Ä¶,
2020-11-07 16:58:38,AbarbanellE,False,True,Thank you so much!,This election is about so much more than @JoeBiden or me. It‚Äôs about the soul of America and our willingness to fight for it. We have a lot of work ahead of us. Let‚Äôs get started.
https://t.co/Bb9JZpggLN
2020-11-07 16:58:38,seesawerrr,True,False,RT @KamalaHarris: This election is about so much more than @JoeBiden or me. It‚Äôs about the soul of America and our willingness to fight for‚Ä¶,
2020-11-07 16:58:38,facts___matter,True,False,RT @KamalaHarris: This election is about so much more than @JoeBiden or me. It‚Äôs about the soul of America and our willingness to fight for‚Ä¶,
2020-11-07 16:58:38,indeskribeabull,True,False,RT @KamalaHarris: This election is about so much more than @JoeBiden or me. It‚Äôs about the soul of America and our willingness to fight for‚Ä¶,
2020-11-07 16:58:38,Vvelvetval,True,False,RT @KamalaHarris: This election is about so much more than @JoeBiden or me. It‚Äôs about the soul of America and our willingness to fight for‚Ä¶,
2020-11-07 16:58:38,Garuyi,True,False,RT @KamalaHarris: This election is about so much more than @JoeBiden or me. It‚Äôs about the soul of America and our willingness to fight for‚Ä¶,
2020-11-07 16:58:38,0308I709,True,False,RT @KamalaHarris: This election is about so much more than @JoeBiden or me. It‚Äôs about the soul of America and our willingness to fight for‚Ä¶,
2020-11-07 16:58:38,nhspirit201,True,True,RT @jeffgiesea: GoFundMe deplatformed a voter fraud investigation effort involving cross-checking voter records after it raised $220k. This‚Ä¶,A reporter, @jmorse_, messaged me saying @gofundme told him they canceled the campaign because of 'attempts to spread misleading information.' When pressed, they couldn't name what was 'misleading.' 

Support us on our new platform, @givesendgo.

https://t.co/ei653H0DDV https://t.co/m5dsnsGnJX
2020-11-07 16:58:38,zijzoe,True,False,RT @KamalaHarris: This election is about so much more than @JoeBiden or me. It‚Äôs about the soul of America and our willingness to fight for‚Ä¶,
2020-11-07 16:58:38,LyndellTab,False,True,"Peace" &amp; "Reset" #TeamBiden #PresidentElectJoe,BREAKING:  Van Jones just completely breaks down talking about Joe Biden winning the election.  Every American must watch this video.  This is how every single one of us should feel right now!  If you don't, there's something wrong with you! https://t.co/EseBk9KF4g
2020-11-07 16:58:38,FlaDems,True,False,RT @KamalaHarris: This election is about so much more than @JoeBiden or me. It‚Äôs about the soul of America and our willingness to fight for‚Ä¶,
2020-11-07 16:58:38,AEmerson0517,True,False,RT @KamalaHarris: This election is about so much more than @JoeBiden or me. It‚Äôs about the soul of America and our willingness to fight for‚Ä¶,
2020-11-07 16:58:38,becnel_melanie,True,False,RT @KamalaHarris: This election is about so much more than @JoeBiden or me. It‚Äôs about the soul of America and our willingness to fight for‚Ä¶,
2020-11-07 16:58:38,Angelight_KAG,True,False,RT @RyanAFournier: The same people who believed Jussie Smollett are telling us there was no election fraud.,
2020-11-07 16:58:38,witneyjieson,True,False,RT @KamalaHarris: This election is about so much more than @JoeBiden or me. It‚Äôs about the soul of America and our willingness to fight for‚Ä¶,
2020-11-07 16:58:39,jouvettga,True,False,RT @KamalaHarris: This election is about so much more than @JoeBiden or me. It‚Äôs about the soul of America and our willingness to fight for‚Ä¶,
2020-11-07 16:58:39,_StixxInTheCity,False,True,We love you!!!,This election is about so much more than @JoeBiden or me. It‚Äôs about the soul of America and our willingness to fight for it. We have a lot of work ahead of us. Let‚Äôs get started.
https://t.co/Bb9JZpggLN
2020-11-07 16:58:39,emilykazakh,True,False,RT @bobsmietana: Evangelical asylum-seekers stuck in Mexico hold prayer vigil for the US election https://t.co/ItCvTj8d7G via @RNS,
2020-11-07 16:58:38,yaboy40139633,False,True,this. this is what it means to vote him out. it‚Äôs hard, but we need to reflect on the pain this presidency has put us all through.,BREAKING:  Van Jones just completely breaks down talking about Joe Biden winning the election.  Every American must watch this video.  This is how every single one of us should feel right now!  If you don't, there's something wrong with you! https://t.co/EseBk9KF4g
2020-11-07 16:58:39,CurtWilliams,False,False,A few points of decency from a regularly indecent man. https://t.co/aQBJZKEe0B,
2020-11-07 16:58:39,Raleighistic,True,False,RT @KamalaHarris: This election is about so much more than @JoeBiden or me. It‚Äôs about the soul of America and our willingness to fight for‚Ä¶,
2020-11-07 16:58:39,BlessedMess_,True,False,RT @KamalaHarris: This election is about so much more than @JoeBiden or me. It‚Äôs about the soul of America and our willingness to fight for‚Ä¶,
2020-11-07 16:58:39,iAntonioArtale,True,False,RT @KamalaHarris: This election is about so much more than @JoeBiden or me. It‚Äôs about the soul of America and our willingness to fight for‚Ä¶,
2020-11-07 16:58:39,kshazia210,True,False,RT @sagarcasm: US election summary https://t.co/2Z5yWz4dBD,
2020-11-07 16:58:38,knnewagb,True,False,RT @KamalaHarris: This election is about so much more than @JoeBiden or me. It‚Äôs about the soul of America and our willingness to fight for‚Ä¶,
2020-11-07 16:58:39,youfoundsophia,False,True,YESSSSS MA'AM, MS. VICE-PRESIDENT, LETS GOOOOOOOOOOO üò≠üò≠üò≠üò≠üò≠üò≠üôåüèΩüôåüèΩüôåüèΩüôåüèΩüôåüèΩüôåüèΩüôåüèΩüôåüèΩ,This election is about so much more than @JoeBiden or me. It‚Äôs about the soul of America and our willingness to fight for it. We have a lot of work ahead of us. Let‚Äôs get started.
https://t.co/Bb9JZpggLN
2020-11-07 16:58:39,Sparrowmemos,True,False,RT @TeenVogue: After this presidential election, y‚Äôall damn sure need to respect us.
https://t.co/OYQ1W287Qk,
2020-11-07 16:58:39,thebillionerd,True,False,RT @KamalaHarris: This election is about so much more than @JoeBiden or me. It‚Äôs about the soul of America and our willingness to fight for‚Ä¶,
2020-11-07 16:58:39,OfSheeps,True,False,RT @KamalaHarris: This election is about so much more than @JoeBiden or me. It‚Äôs about the soul of America and our willingness to fight for‚Ä¶,
2020-11-07 16:58:38,KristiElwood,False,False,I can‚Äôt wait to sleep through the night again. It will be a long road for US to heal, but I know that @JoeBiden is up for the job. The fact that my daughter voted for the first time in this election for the first female vice President of color fills my üíô @KamalaHarris amazing!! https://t.co/DNUuMiOihc,
2020-11-07 16:58:39,MarrowDensity,True,False,RT @KamalaHarris: This election is about so much more than @JoeBiden or me. It‚Äôs about the soul of America and our willingness to fight for‚Ä¶,
2020-11-07 16:58:39,blehhhhn,True,False,RT @BBCBreaking: Joe Biden wins US presidential election

BBC projects he‚Äôs secured enough electoral college votes to defeat Donald Trump‚Ä¶,
2020-11-07 16:58:39,mhuhta,True,False,RT @KamalaHarris: This election is about so much more than @JoeBiden or me. It‚Äôs about the soul of America and our willingness to fight for‚Ä¶,
2020-11-07 16:58:39,mariame77095295,True,False,RT @allanldsantos: US Election Problems Mirror Vote Rigging In Latin America

https://t.co/us83ORagj8,
2020-11-07 16:58:39,melissalmmags,True,False,RT @KamalaHarris: This election is about so much more than @JoeBiden or me. It‚Äôs about the soul of America and our willingness to fight for‚Ä¶,
2020-11-07 16:58:39,diorsangell,True,False,RT @KamalaHarris: This election is about so much more than @JoeBiden or me. It‚Äôs about the soul of America and our willingness to fight for‚Ä¶,
2020-11-07 16:58:39,mobios,True,False,RT @KamalaHarris: This election is about so much more than @JoeBiden or me. It‚Äôs about the soul of America and our willingness to fight for‚Ä¶,
2020-11-07 16:58:39,zd2000,True,False,RT @KamalaHarris: This election is about so much more than @JoeBiden or me. It‚Äôs about the soul of America and our willingness to fight for‚Ä¶,
2020-11-07 16:58:39,thisislagos1,False,False,US Election 2020: Joe Biden wins the¬†presidency https://t.co/Yz25hxXKvN,
2020-11-07 16:58:39,ArianaGrande,True,False,RT @KamalaHarris: This election is about so much more than @JoeBiden or me. It‚Äôs about the soul of America and our willingness to fight for‚Ä¶,
2020-11-07 16:58:39,LoveeRenae_,False,True,I‚Äôm so proud. ‚ù§Ô∏è‚ù§Ô∏è,This election is about so much more than @JoeBiden or me. It‚Äôs about the soul of America and our willingness to fight for it. We have a lot of work ahead of us. Let‚Äôs get started.
https://t.co/Bb9JZpggLN
2020-11-07 16:58:39,diegotrejo_,True,False,RT @KamalaHarris: This election is about so much more than @JoeBiden or me. It‚Äôs about the soul of America and our willingness to fight for‚Ä¶,
2020-11-07 16:58:39,EAM74,True,False,RT @KamalaHarris: This election is about so much more than @JoeBiden or me. It‚Äôs about the soul of America and our willingness to fight for‚Ä¶,
2020-11-07 16:58:39,IJEOMA214,True,False,RT @KamalaHarris: This election is about so much more than @JoeBiden or me. It‚Äôs about the soul of America and our willingness to fight for‚Ä¶,
2020-11-07 16:58:39,aasthasharma117,True,False,RT @SaketGokhale: The 1st phase of voting in Bihar happened on 28th Oct. The last phase happened today.

The counting will happen 2 days la‚Ä¶,
2020-11-07 16:58:39,ingridsarah,True,True,RT @T_S_P_O_O_K_Y: Correct...
Every ballot must be audited for authenticity, verified as having been cast legally and hand re-counted (not‚Ä¶,The same people who believed Jussie Smollett are telling us there was no election fraud.
2020-11-07 16:58:39,leeleelilo,True,False,RT @KamalaHarris: This election is about so much more than @JoeBiden or me. It‚Äôs about the soul of America and our willingness to fight for‚Ä¶,
2020-11-07 16:58:39,camsara99,True,False,RT @KamalaHarris: This election is about so much more than @JoeBiden or me. It‚Äôs about the soul of America and our willingness to fight for‚Ä¶,
2020-11-07 16:58:39,navigatoryadav,True,False,RT @republic: US elections LIVE: Joe Biden elected President, Harris makes history as first female VP

https://t.co/q6HCfQaxdm,
2020-11-07 16:58:39,vursxce_queen,True,False,RT @KamalaHarris: This election is about so much more than @JoeBiden or me. It‚Äôs about the soul of America and our willingness to fight for‚Ä¶,
2020-11-07 16:58:39,xMarvelFanaticx,True,False,RT @KamalaHarris: This election is about so much more than @JoeBiden or me. It‚Äôs about the soul of America and our willingness to fight for‚Ä¶,
2020-11-07 16:58:39,seafishmissouri,True,False,RT @KamalaHarris: This election is about so much more than @JoeBiden or me. It‚Äôs about the soul of America and our willingness to fight for‚Ä¶,
2020-11-07 16:58:39,Tiffany15849796,True,False,RT @KamalaHarris: This election is about so much more than @JoeBiden or me. It‚Äôs about the soul of America and our willingness to fight for‚Ä¶,
2020-11-07 16:58:39,brandnamehero,True,False,RT @JTBrown23: Black folx, y‚Äôall showed up in Atlanta, Detroit, Milwaukee, Philadelphia, and others for this country (despite voter suppres‚Ä¶,
2020-11-07 16:58:39,ubuibmel,True,False,RT @KamalaHarris: This election is about so much more than @JoeBiden or me. It‚Äôs about the soul of America and our willingness to fight for‚Ä¶,
2020-11-07 16:58:39,erikadoitbig,False,True,I can‚Äôt contain my tears. It has been such a year for all of us!! So much injustice. It‚Äôs MUCH MORE than just an election. üò≠,Van Jones after Biden is the elected president. https://t.co/eWHxhXUL0K
2020-11-07 16:58:39,tzmaltesemama,True,False,RT @KamalaHarris: This election is about so much more than @JoeBiden or me. It‚Äôs about the soul of America and our willingness to fight for‚Ä¶,
2020-11-07 16:58:39,Alain_Devers,True,False,RT @KamalaHarris: This election is about so much more than @JoeBiden or me. It‚Äôs about the soul of America and our willingness to fight for‚Ä¶,
2020-11-07 16:58:39,lgb1964,True,False,RT @KamalaHarris: This election is about so much more than @JoeBiden or me. It‚Äôs about the soul of America and our willingness to fight for‚Ä¶,
2020-11-07 16:58:39,Itsanita03_,True,False,RT @KamalaHarris: This election is about so much more than @JoeBiden or me. It‚Äôs about the soul of America and our willingness to fight for‚Ä¶,
2020-11-07 16:58:39,MogDawes,True,False,RT @BBCBreaking: Joe Biden wins US presidential election

BBC projects he‚Äôs secured enough electoral college votes to defeat Donald Trump‚Ä¶,
2020-11-07 16:58:39,MeekTheMac,True,True,RT @Wale: Girl , please leave us alone and pack your things,I WON THIS ELECTION, BY A LOT!
2020-11-07 16:58:39,Rahul63600145,True,False,RT @lampatsingh: Pak Minister deriding US Elections forgets that government is selected in Pak and not elected. He may not understand the n‚Ä¶,
2020-11-07 16:58:39,ArtisanPastry,False,True,The Vice President of the United States.‚ù§Ô∏è‚ù§Ô∏è‚ù§Ô∏è,This election is about so much more than @JoeBiden or me. It‚Äôs about the soul of America and our willingness to fight for it. We have a lot of work ahead of us. Let‚Äôs get started.
https://t.co/Bb9JZpggLN
2020-11-07 16:58:39,rimamendonsa,True,False,RT @Independent: Kamala Harris to make history as first female vice president https://t.co/vzvtRFhS50,
2020-11-07 16:58:39,KoodGarma,True,False,RT @DrDenaGrayson: When 102-year-old Laura Franklin was born in 1918, women could not vote.

On Friday, she watched the election returns &amp;‚Ä¶,
2020-11-07 16:58:39,brianplydon,True,False,RT @KamalaHarris: This election is about so much more than @JoeBiden or me. It‚Äôs about the soul of America and our willingness to fight for‚Ä¶,
2020-11-07 16:58:39,melissa_strauss,True,False,RT @KamalaHarris: This election is about so much more than @JoeBiden or me. It‚Äôs about the soul of America and our willingness to fight for‚Ä¶,
2020-11-07 16:58:39,BonaFideLu,True,False,RT @KamalaHarris: This election is about so much more than @JoeBiden or me. It‚Äôs about the soul of America and our willingness to fight for‚Ä¶,
2020-11-07 16:58:39,MjYoung52,True,False,RT @KamalaHarris: This election is about so much more than @JoeBiden or me. It‚Äôs about the soul of America and our willingness to fight for‚Ä¶,
2020-11-07 16:58:39,_ajju_03,True,False,RT @sagarcasm: US election summary https://t.co/2Z5yWz4dBD,
2020-11-07 16:58:39,Michael86681289,False,True,Congratulations Madam Vice President,This election is about so much more than @JoeBiden or me. It‚Äôs about the soul of America and our willingness to fight for it. We have a lot of work ahead of us. Let‚Äôs get started.
https://t.co/Bb9JZpggLN
2020-11-07 16:58:39,emma_3e,False,True,OK MRS VICE PRESIDENT ü§™,This election is about so much more than @JoeBiden or me. It‚Äôs about the soul of America and our willingness to fight for it. We have a lot of work ahead of us. Let‚Äôs get started.
https://t.co/Bb9JZpggLN
2020-11-07 16:58:39,_jessgxo,False,True,üíôüíôüíô,This election is about so much more than @JoeBiden or me. It‚Äôs about the soul of America and our willingness to fight for it. We have a lot of work ahead of us. Let‚Äôs get started.
https://t.co/Bb9JZpggLN
2020-11-07 16:58:40,sebastianggil,True,False,RT @KamalaHarris: This election is about so much more than @JoeBiden or me. It‚Äôs about the soul of America and our willingness to fight for‚Ä¶,
2020-11-07 16:58:40,kaliblain,True,False,RT @KamalaHarris: This election is about so much more than @JoeBiden or me. It‚Äôs about the soul of America and our willingness to fight for‚Ä¶,
2020-11-07 16:58:40,weenwooning,True,True,RT @cummin4bey: Well, it‚Äôs better for him to go then to not have his luggage. We can send him his luggage.,Donald Trump said he may leave the US if he loses the election. https://t.co/SKHF5rzPMd
2020-11-07 16:58:40,M_marlene24,False,True,A WOMAN FOR VICE PRESIDENT üôèüíôüôå,This election is about so much more than @JoeBiden or me. It‚Äôs about the soul of America and our willingness to fight for it. We have a lot of work ahead of us. Let‚Äôs get started.
https://t.co/Bb9JZpggLN
2020-11-07 16:58:40,NikkiBalzzz,False,True,I CRIED SO HARD ALONG WITH YOU @VanJones68 üò≠üò≠üò≠,BREAKING:  Van Jones just completely breaks down talking about Joe Biden winning the election.  Every American must watch this video.  This is how every single one of us should feel right now!  If you don't, there's something wrong with you! https://t.co/EseBk9KF4g
2020-11-07 16:58:40,oxyjindeprived,True,False,RT @KamalaHarris: This election is about so much more than @JoeBiden or me. It‚Äôs about the soul of America and our willingness to fight for‚Ä¶,
2020-11-07 16:58:40,SusanDoyle1963,False,True,Madam Vice President is making me cry ugly happy proud cry,This election is about so much more than @JoeBiden or me. It‚Äôs about the soul of America and our willingness to fight for it. We have a lot of work ahead of us. Let‚Äôs get started.
https://t.co/Bb9JZpggLN
2020-11-07 16:58:40,Klangable,True,True,RT @glynmoody: #2020 spoils us, as ever...,You couldn't make this up Trump to make his non-concession speech after @AP &amp; @CNN finally called the election for Biden at a small landscaping company next to a porn shop
2020-11-07 16:58:40,Susan345612,True,False,RT @KamalaHarris: This election is about so much more than @JoeBiden or me. It‚Äôs about the soul of America and our willingness to fight for‚Ä¶,
2020-11-07 16:58:40,_ashodactyl,True,False,RT @KamalaHarris: This election is about so much more than @JoeBiden or me. It‚Äôs about the soul of America and our willingness to fight for‚Ä¶,
2020-11-07 16:58:40,iamAMF,True,False,RT @KamalaHarris: This election is about so much more than @JoeBiden or me. It‚Äôs about the soul of America and our willingness to fight for‚Ä¶,
2020-11-07 16:58:40,JoshuaBooneTX,True,False,RT @KamalaHarris: This election is about so much more than @JoeBiden or me. It‚Äôs about the soul of America and our willingness to fight for‚Ä¶,
2020-11-07 16:58:40,thefilmginger,True,False,RT @KamalaHarris: This election is about so much more than @JoeBiden or me. It‚Äôs about the soul of America and our willingness to fight for‚Ä¶,
2020-11-07 16:58:40,PumbaTimothy,True,False,RT @KamalaHarris: This election is about so much more than @JoeBiden or me. It‚Äôs about the soul of America and our willingness to fight for‚Ä¶,
2020-11-07 16:58:40,GailAnderson_,True,False,RT @KamalaHarris: This election is about so much more than @JoeBiden or me. It‚Äôs about the soul of America and our willingness to fight for‚Ä¶,
2020-11-07 16:58:40,dahalesstorm,False,False,Despite the profound difference in values between party lines and the stress this election has put us all through, I‚Äôm hopeful for the first time in a long time that peace is not out of reach for the U.S.,
2020-11-07 16:58:40,MontanaSon1,False,False,https://t.co/FnfFxcYAH1,
2020-11-07 16:58:40,dtlayi,True,False,RT @KamalaHarris: This election is about so much more than @JoeBiden or me. It‚Äôs about the soul of America and our willingness to fight for‚Ä¶,
2020-11-07 16:58:40,arshadnrml,False,False,@JoeBiden won Us presidential election,
2020-11-07 16:58:40,minniehobi,True,False,RT @HKrassenstein: BREAKING:  Van Jones just completely breaks down talking about Joe Biden winning the election.  Every American must watc‚Ä¶,
2020-11-07 16:58:40,NikkNack,True,False,RT @KamalaHarris: This election is about so much more than @JoeBiden or me. It‚Äôs about the soul of America and our willingness to fight for‚Ä¶,
2020-11-07 16:58:40,AlexCan83126283,True,False,RT @KamalaHarris: This election is about so much more than @JoeBiden or me. It‚Äôs about the soul of America and our willingness to fight for‚Ä¶,
2020-11-07 16:58:40,george_nelson7,True,False,RT @TrumpWarRoom: election day got us like https://t.co/VAOs5Ps67w,
2020-11-07 16:58:40,amoresnyc,True,False,RT @n00mejoda_: ask ppl in the hood how they feel abt the election ‚Äúain‚Äôt shit change for us regardless‚Äù,
2020-11-07 16:58:40,Badger3k,True,False,RT @KevinMKruse: While you're wishing death upon the Electoral College, check out my new @MSNBCDaily column on the time we almost killed it‚Ä¶,
2020-11-07 16:58:40,hogwartsboi111,False,False,Now I‚Äôm not one to get political but this election in the us has proven that when people exercise the right to vote that change can happen,
2020-11-07 16:58:40,EmmaLTurtle6,True,False,RT @KamalaHarris: This election is about so much more than @JoeBiden or me. It‚Äôs about the soul of America and our willingness to fight for‚Ä¶,
2020-11-07 16:58:40,morgidizzle,True,False,RT @KamalaHarris: This election is about so much more than @JoeBiden or me. It‚Äôs about the soul of America and our willingness to fight for‚Ä¶,
2020-11-07 16:58:40,CardiganBee,False,True,A LOT of work! #bidenharis2020  #ByeByeTrump,This election is about so much more than @JoeBiden or me. It‚Äôs about the soul of America and our willingness to fight for it. We have a lot of work ahead of us. Let‚Äôs get started.
https://t.co/Bb9JZpggLN
2020-11-07 16:58:40,keds22,True,False,RT @KamalaHarris: This election is about so much more than @JoeBiden or me. It‚Äôs about the soul of America and our willingness to fight for‚Ä¶,
2020-11-07 16:58:40,mfouquenet,False,False,US Election 2020: Joe Biden wins the presidency https://t.co/BUkoz7JOCZ,
2020-11-07 16:58:40,AjayGnanamuthu,True,False,RT @KamalaHarris: This election is about so much more than @JoeBiden or me. It‚Äôs about the soul of America and our willingness to fight for‚Ä¶,
2020-11-07 16:58:40,philjkyle,True,False,RT @KamalaHarris: This election is about so much more than @JoeBiden or me. It‚Äôs about the soul of America and our willingness to fight for‚Ä¶,
2020-11-07 16:58:40,allenow83890817,True,False,RT @RedTRaccoon: Biden defeats Trump in an election he made about character of the nation and the President

https://t.co/MCMkps0P4o,
2020-11-07 16:58:40,AmyakaHELLCAT,True,False,RT @KamalaHarris: This election is about so much more than @JoeBiden or me. It‚Äôs about the soul of America and our willingness to fight for‚Ä¶,
2020-11-07 16:58:40,bitch_no_filter,False,False,Trump: tHeYrE sTeALiNg the election

Us: well then i guess you lose the nigga like you get the Nigga....bye bitch #byebitch,
2020-11-07 16:58:40,Sha_Elise24,False,True,It‚Äôs the diversity in this video for me! üíõüíõ #BidenHarris2020,This election is about so much more than @JoeBiden or me. It‚Äôs about the soul of America and our willingness to fight for it. We have a lot of work ahead of us. Let‚Äôs get started.
https://t.co/Bb9JZpggLN
2020-11-07 16:58:40,amma_reid,False,True,Congratulations Vice President!!!,This election is about so much more than @JoeBiden or me. It‚Äôs about the soul of America and our willingness to fight for it. We have a lot of work ahead of us. Let‚Äôs get started.
https://t.co/Bb9JZpggLN
2020-11-07 16:58:40,TheScotsman,False,False,US ELECTION: Full breakdown of states here. 

https://t.co/CyGWnkjGtN,
2020-11-07 16:58:40,Dine_Nation99,True,False,RT @KamalaHarris: This election is about so much more than @JoeBiden or me. It‚Äôs about the soul of America and our willingness to fight for‚Ä¶,
2020-11-07 16:58:40,snapetherin,True,False,RT @KamalaHarris: This election is about so much more than @JoeBiden or me. It‚Äôs about the soul of America and our willingness to fight for‚Ä¶,
2020-11-07 16:58:40,verito2171,True,False,RT @KamalaHarris: This election is about so much more than @JoeBiden or me. It‚Äôs about the soul of America and our willingness to fight for‚Ä¶,
2020-11-07 16:58:40,zKingOfClubz,True,False,RT @KamalaHarris: This election is about so much more than @JoeBiden or me. It‚Äôs about the soul of America and our willingness to fight for‚Ä¶,
2020-11-07 16:58:40,cristian_hig,True,False,RT @KamalaHarris: This election is about so much more than @JoeBiden or me. It‚Äôs about the soul of America and our willingness to fight for‚Ä¶,
2020-11-07 16:58:40,alltowellrep,True,False,RT @KamalaHarris: This election is about so much more than @JoeBiden or me. It‚Äôs about the soul of America and our willingness to fight for‚Ä¶,
2020-11-07 16:58:40,bajomispies,True,False,RT @KamalaHarris: This election is about so much more than @JoeBiden or me. It‚Äôs about the soul of America and our willingness to fight for‚Ä¶,
2020-11-07 16:58:40,WestofLife6,True,False,RT @KamalaHarris: This election is about so much more than @JoeBiden or me. It‚Äôs about the soul of America and our willingness to fight for‚Ä¶,
2020-11-07 16:58:40,HarryGirly73,True,False,RT @KamalaHarris: This election is about so much more than @JoeBiden or me. It‚Äôs about the soul of America and our willingness to fight for‚Ä¶,
2020-11-07 16:58:40,ML_Romance831,True,False,RT @KamalaHarris: This election is about so much more than @JoeBiden or me. It‚Äôs about the soul of America and our willingness to fight for‚Ä¶,
2020-11-07 16:58:40,haribooper,False,True,Congratulations #KamalaHarris 
First Tamil Female in #USA be VP of #USAüá∫üá∏
Respect.,This election is about so much more than @JoeBiden or me. It‚Äôs about the soul of America and our willingness to fight for it. We have a lot of work ahead of us. Let‚Äôs get started.
https://t.co/Bb9JZpggLN
2020-11-07 16:58:40,thelustlistt,False,False,üßã ‚Äî celebrating today with this glorious new emoji and the US election results üëåüèº
‚Äî
Bubble tea: @machimachi_canada
Ring: @analuisany
Shoes: @dior
Nails: @tina.s_artist from @majestyspleasure @ Toronto, Ontario https://t.co/kDgDNnJmI7,
2020-11-07 16:58:40,vypointjch,True,False,RT @KamalaHarris: This election is about so much more than @JoeBiden or me. It‚Äôs about the soul of America and our willingness to fight for‚Ä¶,
2020-11-07 16:58:40,DadWearsGlasses,True,False,RT @KamalaHarris: This election is about so much more than @JoeBiden or me. It‚Äôs about the soul of America and our willingness to fight for‚Ä¶,
2020-11-07 16:58:40,Threedeemom90,True,False,RT @KamalaHarris: This election is about so much more than @JoeBiden or me. It‚Äôs about the soul of America and our willingness to fight for‚Ä¶,
2020-11-07 16:58:40,Victor15614171,False,False,https://t.co/oauiirBV6X,
2020-11-07 16:58:40,kendallmassey28,True,False,RT @KamalaHarris: This election is about so much more than @JoeBiden or me. It‚Äôs about the soul of America and our willingness to fight for‚Ä¶,
2020-11-07 16:58:40,AFrechoso,False,False,@realDonaldTrump #TrumpOneTermPresident #Election2020 

https://t.co/UfqMz6TJP5,
2020-11-07 16:58:41,JPMisawesome15,True,False,RT @KamalaHarris: This election is about so much more than @JoeBiden or me. It‚Äôs about the soul of America and our willingness to fight for‚Ä¶,
2020-11-07 16:58:40,rubenshon,True,False,RT @KamalaHarris: This election is about so much more than @JoeBiden or me. It‚Äôs about the soul of America and our willingness to fight for‚Ä¶,
2020-11-07 16:58:40,melc97,True,False,RT @KamalaHarris: This election is about so much more than @JoeBiden or me. It‚Äôs about the soul of America and our willingness to fight for‚Ä¶,
2020-11-07 16:58:41,TheMap21,True,False,RT @KamalaHarris: This election is about so much more than @JoeBiden or me. It‚Äôs about the soul of America and our willingness to fight for‚Ä¶,
2020-11-07 16:58:40,broganringgold,True,False,RT @KamalaHarris: This election is about so much more than @JoeBiden or me. It‚Äôs about the soul of America and our willingness to fight for‚Ä¶,
2020-11-07 16:58:41,ItsTeaTimeJ,True,False,RT @DineshDSouza: The media won‚Äôt even report on election anomalies and irregularities. What this tells us is that we don‚Äôt have a real med‚Ä¶,
2020-11-07 16:58:41,ManuelLopesRoc1,True,False,RT @KamalaHarris: This election is about so much more than @JoeBiden or me. It‚Äôs about the soul of America and our willingness to fight for‚Ä¶,
2020-11-07 16:58:41,champagneracks,True,False,RT @KamalaHarris: This election is about so much more than @JoeBiden or me. It‚Äôs about the soul of America and our willingness to fight for‚Ä¶,
2020-11-07 16:58:41,Namaste_7,True,False,RT @KamalaHarris: This election is about so much more than @JoeBiden or me. It‚Äôs about the soul of America and our willingness to fight for‚Ä¶,
2020-11-07 16:58:40,vminitboys,True,False,RT @KamalaHarris: This election is about so much more than @JoeBiden or me. It‚Äôs about the soul of America and our willingness to fight for‚Ä¶,
2020-11-07 16:58:41,virgidossantos,True,False,RT @KamalaHarris: This election is about so much more than @JoeBiden or me. It‚Äôs about the soul of America and our willingness to fight for‚Ä¶,
2020-11-07 16:58:41,TEulgem,False,True,Congratulation Mrs. Vice President! Great Victory!,This election is about so much more than @JoeBiden or me. It‚Äôs about the soul of America and our willingness to fight for it. We have a lot of work ahead of us. Let‚Äôs get started.
https://t.co/Bb9JZpggLN
2020-11-07 16:58:41,tachilles,True,False,RT @HKrassenstein: BREAKING:  Van Jones just completely breaks down talking about Joe Biden winning the election.  Every American must watc‚Ä¶,
2020-11-07 16:58:41,colleenkelly739,True,False,RT @KamalaHarris: This election is about so much more than @JoeBiden or me. It‚Äôs about the soul of America and our willingness to fight for‚Ä¶,
2020-11-07 16:58:41,KevinMichael57,False,True,Yes we can.,This election is about so much more than @JoeBiden or me. It‚Äôs about the soul of America and our willingness to fight for it. We have a lot of work ahead of us. Let‚Äôs get started.
https://t.co/Bb9JZpggLN
2020-11-07 16:58:41,SoxOnTheBrain,True,False,RT @KamalaHarris: This election is about so much more than @JoeBiden or me. It‚Äôs about the soul of America and our willingness to fight for‚Ä¶,
2020-11-07 16:58:41,BrieforNevada,True,False,RT @KamalaHarris: This election is about so much more than @JoeBiden or me. It‚Äôs about the soul of America and our willingness to fight for‚Ä¶,
2020-11-07 16:58:41,taylorkwinship,True,False,RT @KamalaHarris: This election is about so much more than @JoeBiden or me. It‚Äôs about the soul of America and our willingness to fight for‚Ä¶,
2020-11-07 16:58:41,AOShomoye,True,False,RT @KamalaHarris: This election is about so much more than @JoeBiden or me. It‚Äôs about the soul of America and our willingness to fight for‚Ä¶,
2020-11-07 16:58:41,Mylenaaaxx,True,False,RT @GlamourMagUK: Historic moment üëè Joe Biden has won the US presidential election, making #KamalaHarris the first woman, first black perso‚Ä¶,
2020-11-07 16:58:41,PathakShubham19,True,False,RT @KamalaHarris: This election is about so much more than @JoeBiden or me. It‚Äôs about the soul of America and our willingness to fight for‚Ä¶,
2020-11-07 16:58:41,HormanMichael,False,True,I am sure you will do more than any othe Vice President. I believe you will fight for America and the citizens. In the future you will have my vote for President . Congratulations!!!!!,This election is about so much more than @JoeBiden or me. It‚Äôs about the soul of America and our willingness to fight for it. We have a lot of work ahead of us. Let‚Äôs get started.
https://t.co/Bb9JZpggLN
2020-11-07 16:58:41,leo_fiasco,True,False,RT @KamalaHarris: This election is about so much more than @JoeBiden or me. It‚Äôs about the soul of America and our willingness to fight for‚Ä¶,
2020-11-07 16:58:41,jakemurray8,False,False,This election shows that we aren‚Äôt as divided as the media has been trying to make us believe. 

Let‚Äôs remember that who you vote for  doesn‚Äôt need to dictate your entire lifestyle. 

We are Americans before we are Democrats or Republicans! üá∫üá∏,
2020-11-07 16:58:41,CountOnCampo,True,False,RT @KamalaHarris: This election is about so much more than @JoeBiden or me. It‚Äôs about the soul of America and our willingness to fight for‚Ä¶,
2020-11-07 16:58:41,andrade_becerra,True,False,RT @KamalaHarris: This election is about so much more than @JoeBiden or me. It‚Äôs about the soul of America and our willingness to fight for‚Ä¶,
2020-11-07 16:58:41,bigbadchang,False,True,I started watching this and began crying. I‚Äôve not been honest with myself about how hard this election has been for me on top of everything else. May this truly be the beginning of a change for America.,America, I‚Äôm honored that you have chosen me to lead our great country.

The work ahead of us will be hard, but I promise you this: I will be a President for all Americans ‚Äî whether you voted for me or not.

I will keep the faith that you have placed in me. https://t.co/moA9qhmjn8
2020-11-07 16:58:41,DaveWasinger,True,False,RT @KamalaHarris: This election is about so much more than @JoeBiden or me. It‚Äôs about the soul of America and our willingness to fight for‚Ä¶,
2020-11-07 16:58:41,RyanMilley,True,False,RT @KamalaHarris: This election is about so much more than @JoeBiden or me. It‚Äôs about the soul of America and our willingness to fight for‚Ä¶,
2020-11-07 16:58:41,tster828,True,False,RT @KamalaHarris: This election is about so much more than @JoeBiden or me. It‚Äôs about the soul of America and our willingness to fight for‚Ä¶,
2020-11-07 16:58:41,hannacharlottaa,True,False,RT @KamalaHarris: This election is about so much more than @JoeBiden or me. It‚Äôs about the soul of America and our willingness to fight for‚Ä¶,
2020-11-07 16:58:41,___tash__,True,False,RT @SkyNews: Sky News projects Joe Biden has won the election and is set to become the 46th US President.

Follow live updates #USElection:‚Ä¶,
2020-11-07 16:58:41,BiancaChene2,False,True,THANK YOU MADAME VICE PRESIDENT!!,This election is about so much more than @JoeBiden or me. It‚Äôs about the soul of America and our willingness to fight for it. We have a lot of work ahead of us. Let‚Äôs get started.
https://t.co/Bb9JZpggLN
2020-11-07 16:58:41,aricanameras,False,False,https://t.co/MU2s69i3Js,
2020-11-07 16:58:41,maursss,True,False,RT @KamalaHarris: This election is about so much more than @JoeBiden or me. It‚Äôs about the soul of America and our willingness to fight for‚Ä¶,
2020-11-07 16:58:41,nataliefindell,True,False,RT @KamalaHarris: This election is about so much more than @JoeBiden or me. It‚Äôs about the soul of America and our willingness to fight for‚Ä¶,
2020-11-07 16:58:41,whatcan1choose,True,False,RT @KamalaHarris: This election is about so much more than @JoeBiden or me. It‚Äôs about the soul of America and our willingness to fight for‚Ä¶,
